0.01069,128,100,0.720082274525,268,256,256,128,0.893603222085,182,0.74226,0.81616,0.77746,0.82351,0.74598,0.59721,0.75961,0.66869,0.84330,0.75937,0.75656,0.03532
0.01725,64,100,0.799264976993,11,512,128,256,0.641648504131,155,0.77282,0.75413,0.76336,0.83299,0.74581,0.53241,0.87389,0.66169,0.80167,0.71433,0.76243,0.04103
0.01211,128,100,0.644927804415,247,256,128,128,0.59021252139,95,0.77849,0.77354,0.77601,0.84458,0.75722,0.54444,0.86897,0.66945,0.82373,0.72567,0.76885,0.04230
0.00809,64,100,0.960608649983,383,256,64,256,0.728313934869,89,0.77654,0.75604,0.76616,0.83533,0.74909,0.58037,0.80394,0.67410,0.84303,0.75150,0.75621,0.03834
0.00212,64,100,0.722102528875,296,256,32,256,0.76627830296,22,0.77540,0.79389,0.78454,0.84898,0.76293,0.53423,0.82266,0.64779,0.83957,0.71402,0.77227,0.03159
0.01639,128,100,0.762802501743,366,128,32,256,0.603170367258,38,0.76785,0.78690,0.77725,0.84140,0.75480,0.55146,0.83941,0.66563,0.85412,0.73039,0.76951,0.03936
0.00231,128,100,0.886541265315,466,128,128,128,0.901569093284,79,0.75487,0.80121,0.77735,0.83090,0.75048,0.53910,0.82857,0.65320,0.82692,0.71874,0.76585,0.03191
0.00240,32,100,0.93008884629,63,512,32,128,0.953439040069,128,0.76430,0.74777,0.75595,0.81828,0.73751,0.62375,0.79704,0.69983,0.85691,0.78142,0.76519,0.03497
0.00418,32,100,0.528917333458,296,256,64,256,0.678018827761,96,0.77304,0.78976,0.78131,0.84555,0.75964,0.50854,0.85025,0.63643,0.85256,0.68945,0.76884,0.03530
0.02555,64,100,0.549242420639,225,256,64,64,0.530339673287,82,0.77658,0.77831,0.77744,0.84196,0.75774,0.56076,0.81379,0.66399,0.86072,0.73669,0.75914,0.03976
0.01886,32,100,0.861126854394,172,512,256,64,0.723877882863,157,0.77991,0.76304,0.77138,0.83723,0.75411,0.55712,0.85517,0.67470,0.85444,0.73638,0.76490,0.05408
0.02990,128,100,0.549177073912,138,256,64,64,0.667147001593,77,0.76454,0.79008,0.77710,0.83967,0.75359,0.57320,0.82167,0.67530,0.82636,0.74740,0.76141,0.04575
0.00888,128,100,0.965005692251,22,512,32,128,0.946177707333,44,0.74885,0.77958,0.76391,0.81187,0.73803,0.55624,0.71133,0.62430,0.78483,0.72630,0.75791,0.05878
0.02892,32,100,0.897623488941,82,128,256,256,0.642957205725,125,0.77204,0.77449,0.77326,0.83323,0.75307,0.55630,0.81281,0.66053,0.84855,0.73291,0.75623,0.04976
0.01670,32,100,0.673473240542,255,128,64,64,0.909209486553,35,0.78001,0.76686,0.77338,0.84109,0.75566,0.53614,0.84039,0.65464,0.82013,0.71654,0.76607,0.03586
0.01671,64,100,0.796747638681,245,256,64,64,0.984158088454,190,0.77759,0.73282,0.75454,0.82458,0.74079,0.58947,0.74975,0.66002,0.83206,0.75307,0.77469,0.03087
0.02537,32,100,0.689722574443,64,256,32,256,0.615457705496,33,0.70769,0.80471,0.75309,0.79287,0.71312,0.48439,0.85616,0.61873,0.78641,0.66268,0.72982,0.06400
0.02411,128,100,0.817075413994,51,256,32,256,0.876251110004,170,0.70682,0.82125,0.75975,0.78579,0.71762,0.55903,0.77438,0.64932,0.81586,0.73260,0.74943,0.03444
0.00920,16,100,0.75637062899,449,256,32,256,0.807428461742,162,0.77023,0.77195,0.77109,0.83975,0.75082,0.59682,0.77734,0.67522,0.85335,0.76094,0.76177,0.04386
0.01152,16,100,0.687242992521,253,512,32,256,0.686385995865,99,0.77356,0.79103,0.78220,0.84028,0.76050,0.53474,0.82660,0.64938,0.85207,0.71465,0.76381,0.04392
0.01366,16,100,0.680667146607,225,512,32,128,0.555171505001,135,0.75879,0.80344,0.78047,0.83442,0.75428,0.51087,0.83350,0.63347,0.83384,0.69165,0.75671,0.02578
0.02167,16,100,0.886432659596,383,128,128,64,0.900111092625,108,0.77113,0.76304,0.76707,0.83607,0.74805,0.60316,0.78916,0.68374,0.86366,0.76661,0.75640,0.03792
0.01153,16,100,0.50067893909,214,512,32,256,0.654771824247,78,0.75266,0.81011,0.78033,0.83114,0.75203,0.51801,0.82167,0.63543,0.82845,0.69858,0.75861,0.04283
0.01718,128,100,0.903007256391,245,256,128,256,0.591619626756,38,0.77341,0.76972,0.77156,0.84151,0.75220,0.56992,0.79507,0.66392,0.85300,0.74268,0.75796,0.06774
0.00738,128,100,0.564107327863,260,256,64,256,0.951803307353,198,0.75761,0.78340,0.77029,0.82168,0.74598,0.62994,0.73793,0.67967,0.83450,0.77764,0.76551,0.02107
0.00933,32,100,0.996557345745,149,512,256,256,0.792970761046,123,0.77605,0.76050,0.76819,0.83180,0.75048,0.53513,0.86305,0.66063,0.82111,0.71654,0.76090,0.05013
0.00285,128,100,0.592560359876,189,256,128,64,0.814196752499,200,0.76194,0.75636,0.75914,0.81370,0.73906,0.63489,0.69557,0.66385,0.84001,0.77480,0.76137,0.02265
0.02871,128,100,0.735967289848,136,512,128,256,0.61643613963,24,0.77621,0.78658,0.78136,0.83757,0.76068,0.55401,0.78325,0.64898,0.84641,0.72913,0.76691,0.04387
0.01982,32,100,0.688371950451,365,128,256,128,0.506329106692,148,0.76351,0.79071,0.77688,0.83782,0.75307,0.50883,0.85123,0.63693,0.86115,0.68976,0.75691,0.03937
0.01670,32,100,0.520271076439,205,256,256,256,0.701352475582,50,0.76801,0.80344,0.78533,0.84210,0.76120,0.52431,0.83941,0.64545,0.84840,0.70520,0.76535,0.03473
0.02666,128,100,0.796419529555,436,512,128,256,0.618056545631,158,0.75495,0.75254,0.75374,0.81612,0.73266,0.56645,0.78522,0.65813,0.80093,0.73921,0.74873,0.04123
0.02443,32,100,0.556640558811,373,256,128,64,0.811247215592,84,0.77943,0.76654,0.77293,0.84095,0.75514,0.55159,0.83744,0.66510,0.86189,0.73039,0.75934,0.05004
0.00266,64,100,0.829157136191,19,512,32,128,0.647456474383,149,0.78344,0.76749,0.77539,0.84513,0.75826,0.57094,0.82857,0.67605,0.83874,0.74614,0.77158,0.02976
0.01970,16,100,0.685058839876,84,512,128,64,0.602484699841,40,0.69169,0.78849,0.73692,0.78023,0.69393,0.50755,0.82759,0.62921,0.76168,0.68819,0.72830,0.05648
0.00314,128,100,0.626027132537,126,256,32,256,0.888212439063,97,0.77237,0.78244,0.77737,0.82949,0.75635,0.56659,0.74187,0.64249,0.81731,0.73606,0.77419,0.03318
0.01765,32,100,0.530512400521,481,512,32,256,0.988993671599,110,0.74174,0.78562,0.76305,0.81094,0.73474,0.64160,0.79015,0.70817,0.87333,0.79181,0.78092,0.02297
0.00258,128,100,0.945249163619,255,256,128,256,0.57102005687,158,0.75394,0.77672,0.76516,0.83031,0.74079,0.55968,0.81773,0.66453,0.83766,0.73606,0.75842,0.03021
0.01930,32,100,0.941351288565,437,512,128,128,0.862728609897,107,0.77554,0.75827,0.76681,0.83358,0.74927,0.58380,0.81675,0.68090,0.85201,0.75528,0.75414,0.02837
0.01190,128,100,0.907772685571,366,512,128,256,0.959373135965,44,0.70602,0.84256,0.76827,0.80003,0.72367,0.55420,0.80591,0.65676,0.80860,0.73071,0.74906,0.04337
0.00053,32,100,0.789212948259,182,256,32,128,0.975379492739,142,0.78218,0.75954,0.77070,0.83633,0.75428,0.52654,0.86010,0.65320,0.83982,0.70803,0.78214,0.04301
0.01470,64,100,0.821037841921,88,512,256,256,0.943027979421,189,0.75704,0.75223,0.75463,0.81361,0.73405,0.63367,0.67488,0.65363,0.82342,0.77134,0.76397,0.01955
0.01281,16,100,0.7476168491,340,256,32,128,0.589294310169,178,0.77131,0.78849,0.77980,0.84182,0.75791,0.55683,0.81084,0.66025,0.83914,0.73323,0.76295,0.04030
0.02930,64,100,0.500932939902,330,512,64,64,0.983761698615,163,0.81659,0.65426,0.72647,0.83266,0.73215,0.64914,0.74187,0.69241,0.85871,0.78929,0.76953,0.03434
0.00205,64,100,0.859558396704,153,128,128,256,0.994447950667,192,0.76288,0.74905,0.75590,0.81819,0.73699,0.60382,0.77931,0.68043,0.84027,0.76598,0.77156,0.02991
0.02408,32,100,0.559721288813,187,256,256,128,0.819362597631,148,0.77027,0.78276,0.77646,0.83982,0.75497,0.60029,0.81675,0.69199,0.86530,0.76756,0.76983,0.03869
0.01409,64,100,0.602890030476,10,512,64,256,0.890151730551,43,0.78527,0.76654,0.77579,0.84086,0.75912,0.58811,0.81872,0.68451,0.86367,0.75874,0.76365,0.03994
0.00355,128,100,0.88373838363,451,128,32,128,0.719722712085,92,0.77950,0.78372,0.78160,0.84147,0.76189,0.61864,0.79113,0.69434,0.85131,0.77732,0.77625,0.02624
0.01593,64,100,0.736371930619,94,128,128,64,0.975709832767,160,0.77306,0.74109,0.75674,0.82077,0.74096,0.63347,0.74581,0.68507,0.84976,0.78079,0.77021,0.02837
0.02629,32,100,0.611526511416,142,512,32,64,0.595595211905,162,0.77170,0.78053,0.77609,0.83682,0.75514,0.56211,0.80690,0.66262,0.82493,0.73732,0.75952,0.05815
0.02303,32,100,0.987741493078,340,512,128,128,0.790802927497,20,0.75839,0.79071,0.77421,0.82800,0.74927,0.49347,0.85616,0.62608,0.79236,0.67307,0.75911,0.03471
0.01536,16,100,0.913783761772,434,128,32,128,0.52300985906,42,0.69032,0.82602,0.75210,0.78457,0.70396,0.52013,0.81478,0.63493,0.76936,0.70047,0.72914,0.04840
0.00467,128,100,0.795819479118,253,512,64,128,0.63449451588,61,0.78122,0.76209,0.77153,0.84325,0.75463,0.52955,0.86502,0.65694,0.84502,0.71118,0.76537,0.03499
0.01453,128,100,0.865610332761,16,256,128,64,0.829777281563,23,0.79039,0.74841,0.76883,0.84117,0.75532,0.55651,0.82956,0.66614,0.82080,0.73417,0.76522,0.05553
0.02295,16,100,0.692418557081,351,128,64,64,0.65204514602,184,0.76951,0.79644,0.78274,0.83868,0.75964,0.52776,0.83350,0.64629,0.84827,0.70835,0.76312,0.05307
0.02142,32,100,0.770834808326,489,256,256,128,0.597709967769,30,0.73850,0.82188,0.77796,0.81205,0.74494,0.51818,0.84236,0.64165,0.79442,0.69921,0.74719,0.05987
0.02051,16,100,0.753510788257,117,256,128,64,0.700260313619,184,0.76993,0.77704,0.77347,0.83820,0.75255,0.53882,0.80690,0.64615,0.82622,0.71748,0.76071,0.05211
0.00826,32,100,0.704906232052,72,256,32,256,0.530747427269,90,0.77254,0.78753,0.77997,0.84186,0.75843,0.50346,0.86108,0.63541,0.84302,0.68409,0.76571,0.03437
0.02527,64,100,0.833768865001,463,512,128,256,0.864900961471,151,0.75270,0.75413,0.75342,0.81308,0.73163,0.55245,0.79901,0.65324,0.78386,0.72882,0.75155,0.02504
0.01510,32,100,0.778013291836,291,128,32,256,0.540058875907,44,0.76098,0.78276,0.77172,0.81674,0.74823,0.51356,0.83941,0.63725,0.81094,0.69449,0.75771,0.07530
0.02116,128,100,0.640002077893,75,128,32,64,0.703339484574,148,0.75209,0.80184,0.77617,0.82304,0.74857,0.56339,0.81872,0.66747,0.83034,0.73921,0.75687,0.03277
0.02771,128,100,0.682246795714,38,512,32,128,0.721194279467,192,0.72935,0.81170,0.76833,0.80678,0.73388,0.56393,0.80394,0.66288,0.81138,0.73858,0.73823,0.02610
0.01573,64,100,0.763821779918,119,512,128,64,0.817409712274,29,0.78128,0.77258,0.77691,0.84489,0.75878,0.56316,0.83448,0.67249,0.86788,0.74016,0.76813,0.03847
0.00741,32,100,0.660081585708,371,512,32,64,0.574847300984,46,0.76305,0.80407,0.78303,0.84047,0.75774,0.50200,0.86700,0.63584,0.83495,0.68252,0.76430,0.04815
0.01949,32,100,0.868873036103,208,128,256,64,0.828999817853,128,0.77501,0.77131,0.77315,0.83464,0.75393,0.56128,0.84828,0.67556,0.85074,0.73953,0.76763,0.04963
0.02452,128,100,0.675520328781,333,128,32,64,0.837373939306,37,0.78647,0.78022,0.78333,0.84547,0.76535,0.57633,0.84433,0.68505,0.85465,0.75181,0.77109,0.04802
0.01907,16,100,0.632909962114,469,512,256,128,0.682885494842,77,0.75801,0.79803,0.77750,0.82899,0.75169,0.51636,0.83941,0.63940,0.84208,0.69732,0.75428,0.06060
0.00790,16,100,0.9122227342,23,128,128,128,0.649501410381,86,0.76890,0.80216,0.78518,0.84221,0.76137,0.52808,0.82463,0.64385,0.84772,0.70835,0.76415,0.03654
0.00227,16,100,0.717812807664,492,128,128,64,0.634807405846,128,0.77395,0.79930,0.78642,0.84513,0.76396,0.55726,0.82463,0.66508,0.85089,0.73449,0.76570,0.03226
0.02428,64,100,0.801355144196,500,128,128,128,0.525334973769,112,0.77489,0.75986,0.76730,0.83960,0.74944,0.57338,0.82759,0.67742,0.86120,0.74803,0.75606,0.04304
0.00181,128,100,0.897834739442,478,128,256,128,0.801439604703,197,0.74540,0.79803,0.77081,0.82140,0.74200,0.59646,0.76453,0.67012,0.83011,0.75937,0.76101,0.03481
0.01197,128,100,0.701495589083,260,128,128,128,0.789029296924,136,0.75807,0.77640,0.76713,0.82109,0.74373,0.57687,0.76158,0.65648,0.81771,0.74520,0.75758,0.02383
0.02343,64,100,0.569092118184,106,512,64,64,0.664888161468,23,0.77205,0.79071,0.78127,0.83779,0.75929,0.51523,0.83350,0.63681,0.84197,0.69606,0.76656,0.02793
0.00432,16,100,0.724837619946,142,128,64,256,0.751791214642,171,0.77143,0.79008,0.78064,0.84515,0.75860,0.55674,0.82167,0.66375,0.85467,0.73386,0.76588,0.03142
0.01759,128,100,0.512778341396,64,512,64,128,0.512958770042,80,0.78110,0.76495,0.77294,0.84547,0.75566,0.57999,0.83941,0.68599,0.87809,0.75433,0.76090,0.03955
0.01002,128,100,0.840250731001,357,128,256,128,0.903074949777,85,0.75313,0.78499,0.76873,0.82490,0.74321,0.54929,0.79606,0.65004,0.82009,0.72598,0.75378,0.05284
0.00583,16,100,0.73421659047,9,256,32,64,0.659143121151,77,0.76802,0.80662,0.78684,0.84137,0.76241,0.51980,0.82759,0.63854,0.83479,0.70047,0.76414,0.03977
0.01231,64,100,0.821478278021,54,256,32,128,0.779654542351,121,0.77696,0.77004,0.77348,0.83204,0.75480,0.58304,0.80591,0.67659,0.83832,0.75370,0.75966,0.03061
0.02627,64,100,0.802091743938,120,128,128,64,0.806271594701,107,0.78149,0.75191,0.76641,0.83618,0.75082,0.55061,0.84138,0.66563,0.83577,0.72976,0.76261,0.03725
0.01192,16,100,0.833813720426,21,128,32,256,0.515165017733,69,0.73124,0.79962,0.76390,0.81226,0.73128,0.53613,0.81872,0.64795,0.80421,0.71559,0.73766,0.06500
0.02839,32,100,0.927063066382,95,256,256,128,0.510005098896,99,0.76485,0.79453,0.77941,0.83416,0.75549,0.49971,0.85419,0.63055,0.79339,0.68000,0.75967,0.05354
0.01486,32,100,0.885499827297,380,512,32,64,0.900596654663,94,0.78437,0.76940,0.77681,0.83667,0.75964,0.62327,0.79704,0.69952,0.85531,0.78110,0.76365,0.03572
0.00588,16,100,0.729553939162,465,512,256,64,0.729280066845,173,0.77547,0.77226,0.77386,0.84550,0.75463,0.52885,0.86700,0.65696,0.86197,0.71055,0.76573,0.04213
0.02577,32,100,0.661431807899,65,128,256,256,0.728057956932,40,0.75611,0.80662,0.78055,0.82887,0.75342,0.50701,0.85517,0.63660,0.81592,0.68787,0.75912,0.02800
0.00313,32,100,0.857687609244,127,128,256,256,0.697975461831,124,0.77817,0.77322,0.77569,0.83991,0.75687,0.54649,0.85123,0.66564,0.84220,0.72661,0.76017,0.02948
0.00587,16,100,0.523230510707,353,128,256,64,0.875170154145,145,0.78229,0.78403,0.78316,0.84648,0.76396,0.55411,0.83744,0.66693,0.86795,0.73260,0.77091,0.04192
0.01724,16,100,0.527108038492,391,256,128,256,0.584467298575,26,0.65254,0.88645,0.75172,0.75774,0.68165,0.48928,0.83153,0.61606,0.74672,0.66866,0.71148,0.08438
0.01304,32,100,0.530729765473,132,512,128,64,0.737551518694,92,0.77565,0.77195,0.77379,0.84217,0.75463,0.52307,0.86010,0.65052,0.85529,0.70457,0.76348,0.03343
0.00861,16,100,0.912729668622,108,128,64,128,0.899556542854,162,0.77985,0.77290,0.77636,0.84156,0.75791,0.57437,0.82562,0.67745,0.85381,0.74866,0.76988,0.03909
0.00554,16,100,0.867416835931,427,512,32,64,0.574733963933,153,0.76969,0.78658,0.77804,0.84475,0.75601,0.53923,0.85320,0.66082,0.84257,0.72000,0.75845,0.03929
0.00852,128,100,0.792167906653,161,128,128,64,0.8237038713,176,0.76339,0.78403,0.77358,0.82844,0.75048,0.54668,0.84236,0.66305,0.82648,0.72630,0.77123,0.02376
0.02859,16,100,0.615130638121,126,128,32,128,0.852152217938,27,0.74562,0.82602,0.78376,0.82437,0.75220,0.50804,0.84039,0.63326,0.79879,0.68882,0.76275,0.04754
0.01829,32,100,0.654455336631,375,256,64,256,0.729213116959,62,0.77102,0.77863,0.77481,0.83989,0.75393,0.52669,0.79704,0.63426,0.82756,0.70614,0.75985,0.04961
0.01144,32,100,0.562457737249,465,128,128,64,0.600067120782,85,0.76863,0.78721,0.77781,0.84252,0.75549,0.52952,0.83941,0.64939,0.84745,0.71024,0.76382,0.04178
0.01152,64,100,0.738820244912,279,128,32,64,0.51609270307,29,0.76839,0.78085,0.77457,0.83782,0.75290,0.51237,0.83645,0.63548,0.83229,0.69323,0.76347,0.06291
0.00773,128,100,0.645540370455,159,512,32,64,0.659441220213,40,0.76577,0.79135,0.77835,0.84261,0.75497,0.51771,0.86404,0.64747,0.83181,0.69921,0.75933,0.03014
0.00371,128,100,0.794752995673,150,128,64,64,0.668977880442,40,0.77757,0.77608,0.77682,0.84813,0.75757,0.50835,0.86995,0.64172,0.81861,0.68945,0.76952,0.03891
0.01185,64,100,0.552061654964,39,512,32,256,0.956600070948,52,0.75258,0.76527,0.75887,0.80613,0.73560,0.59657,0.82167,0.69126,0.85873,0.76535,0.76692,0.02509
0.01885,128,100,0.967030707531,25,512,128,128,0.654449988591,91,0.74176,0.79485,0.76739,0.80892,0.73803,0.51305,0.83251,0.63486,0.76957,0.69386,0.74190,0.06573
0.02649,128,100,0.669638447481,42,128,64,256,0.841280489603,42,0.76653,0.79262,0.77936,0.83585,0.75601,0.56320,0.83842,0.67379,0.84117,0.74047,0.76710,0.03840
0.00243,128,100,0.683083986073,307,256,128,256,0.73285719607,106,0.77267,0.80757,0.78974,0.84523,0.76621,0.59859,0.83448,0.69712,0.87229,0.76819,0.77746,0.03805
0.01260,128,100,0.672316602353,29,512,64,128,0.589544145655,82,0.78939,0.75223,0.77036,0.83523,0.75618,0.56897,0.84532,0.68014,0.87020,0.74583,0.75709,0.03572
0.00967,16,100,0.586497699391,486,256,256,64,0.66359597861,54,0.75906,0.79962,0.77881,0.83488,0.75307,0.53401,0.82759,0.64915,0.82912,0.71402,0.75671,0.05475
0.02586,16,100,0.822847811771,238,512,64,64,0.916481821179,181,0.76175,0.75254,0.75712,0.82397,0.73751,0.58298,0.81675,0.68034,0.83481,0.75465,0.75556,0.05549
0.02905,64,100,0.870302881927,491,256,32,64,0.581348213737,157,0.78053,0.75223,0.76612,0.83578,0.75030,0.55103,0.84039,0.66563,0.82151,0.73008,0.76141,0.04060
0.00590,16,100,0.715642006856,412,256,128,64,0.738316687439,73,0.76971,0.79198,0.78069,0.84188,0.75808,0.52781,0.82266,0.64305,0.84734,0.70803,0.76121,0.04153
0.01964,32,100,0.937283622892,208,512,64,128,0.815183735039,151,0.77568,0.75668,0.76606,0.82952,0.74875,0.56936,0.81281,0.66964,0.83054,0.74362,0.75621,0.03431
0.00107,16,100,0.723487232386,188,128,64,256,0.832826927801,78,0.77518,0.79071,0.78287,0.84711,0.76154,0.51650,0.84828,0.64206,0.84187,0.69764,0.76657,0.03632
0.00935,64,100,0.517076136628,151,256,128,256,0.576121735674,43,0.77795,0.79230,0.78506,0.84271,0.76414,0.54703,0.80788,0.65235,0.85328,0.72472,0.76640,0.05533
0.00038,16,100,0.763907022756,48,512,256,256,0.801355129069,90,0.77544,0.78531,0.78034,0.84628,0.75964,0.54039,0.85025,0.66080,0.85516,0.72094,0.76795,0.03764
0.02205,16,100,0.597025931334,399,128,256,64,0.764338737195,57,0.75543,0.80757,0.78063,0.83074,0.75324,0.50890,0.84532,0.63532,0.81354,0.68976,0.75878,0.03901
0.00244,16,100,0.759741538077,37,128,256,64,0.992735457661,124,0.75301,0.77672,0.76468,0.81347,0.74010,0.56804,0.82660,0.67335,0.84883,0.74362,0.77765,0.04102
0.00281,128,100,0.81765348856,219,128,32,256,0.774935235878,128,0.76018,0.78944,0.77454,0.83313,0.75013,0.56832,0.84828,0.68063,0.85780,0.74551,0.76863,0.01956
0.01157,64,100,0.888071896823,186,128,256,64,0.810525782698,63,0.78278,0.76336,0.77295,0.84405,0.75618,0.58069,0.81182,0.67707,0.85417,0.75244,0.76605,0.02932
0.01626,64,100,0.853986215409,494,256,64,128,0.953223548585,113,0.75628,0.78467,0.77022,0.81945,0.74546,0.64040,0.75271,0.69203,0.85372,0.78583,0.76449,0.01733
0.02423,64,100,0.511665739967,9,512,64,128,0.866097498588,133,0.76886,0.76813,0.76850,0.82525,0.74840,0.60349,0.78424,0.68209,0.84417,0.76630,0.76227,0.03814
0.01457,16,100,0.556952747054,340,256,32,128,0.617236891565,74,0.74986,0.82761,0.78682,0.82443,0.75618,0.50300,0.82562,0.62514,0.79161,0.68346,0.76447,0.05014
0.00462,32,100,0.804599828807,208,256,64,64,0.851983987924,70,0.78965,0.77131,0.78037,0.84700,0.76396,0.55491,0.84631,0.67031,0.86883,0.73386,0.76572,0.03796
0.02839,16,100,0.822297694602,187,512,32,64,0.566458974272,52,0.66768,0.84160,0.74462,0.77464,0.68615,0.50634,0.82660,0.62799,0.75551,0.68693,0.72760,0.05721
0.00123,128,100,0.752031140828,68,256,256,64,0.529508824842,57,0.77267,0.79135,0.78190,0.84793,0.75999,0.51364,0.89064,0.65153,0.85838,0.69543,0.76709,0.03185
0.02832,32,100,0.891532133499,363,512,64,64,0.717293031934,182,0.77256,0.75413,0.76324,0.82417,0.74563,0.55459,0.82069,0.66190,0.80538,0.73197,0.76160,0.04440
0.01955,32,100,0.685970260869,390,128,128,256,0.820341084205,80,0.78034,0.77513,0.77772,0.84072,0.75912,0.53875,0.85616,0.66134,0.86592,0.71969,0.76609,0.04090
0.01212,64,100,0.758338581856,466,256,128,256,0.636108129275,67,0.77992,0.76081,0.77025,0.84046,0.75324,0.53894,0.84532,0.65823,0.82505,0.71937,0.75881,0.03698
0.00059,64,100,0.61948453538,103,256,256,256,0.621903123224,103,0.77201,0.79485,0.78326,0.84753,0.76085,0.53832,0.85123,0.65954,0.86105,0.71906,0.77176,0.03620
0.02119,64,100,0.87450555344,119,128,256,128,0.736199088874,84,0.78703,0.74523,0.76556,0.84065,0.75186,0.56794,0.84828,0.68036,0.82889,0.74520,0.75881,0.04380
0.01709,64,100,0.857840718739,48,256,64,128,0.780990395992,75,0.78168,0.76527,0.77338,0.84179,0.75618,0.58522,0.84236,0.69063,0.85172,0.75874,0.76435,0.04409
0.02153,128,100,0.622638659392,404,512,256,256,0.625914006631,117,0.78076,0.76686,0.77375,0.83370,0.75618,0.56329,0.83744,0.67353,0.82940,0.74047,0.76383,0.03850
0.02802,128,100,0.657080891525,104,512,32,64,0.597071126151,56,0.76998,0.77831,0.77412,0.83905,0.75307,0.52302,0.87291,0.65412,0.86350,0.70488,0.76024,0.05784
0.02907,32,100,0.969139261604,308,512,128,256,0.735160860683,109,0.78110,0.76495,0.77294,0.83290,0.75566,0.57348,0.82660,0.67716,0.83289,0.74803,0.76675,0.04487
0.02981,128,100,0.921481433634,344,128,32,256,0.542976491094,133,0.76787,0.76177,0.76481,0.82890,0.74529,0.57143,0.81970,0.67341,0.84770,0.74583,0.75979,0.05152
0.01206,16,100,0.578851614996,175,512,64,64,0.8932091335,35,0.77883,0.78181,0.78032,0.83933,0.76068,0.51408,0.84532,0.63934,0.84111,0.69512,0.76641,0.04183
0.02208,32,100,0.833871577889,148,256,256,128,0.814077929256,78,0.77735,0.77958,0.77847,0.83974,0.75878,0.55865,0.83054,0.66799,0.85965,0.73606,0.76607,0.05180
0.00628,64,100,0.881417797547,275,128,32,256,0.775902243887,30,0.77913,0.77640,0.77776,0.84656,0.75878,0.56714,0.81970,0.67043,0.86691,0.74236,0.76278,0.04594
0.01483,16,100,0.528007400961,309,256,32,64,0.871316605997,165,0.78248,0.77576,0.77911,0.84732,0.76085,0.58496,0.79704,0.67473,0.83782,0.75433,0.77125,0.04637
0.02090,128,100,0.998195119288,292,256,32,64,0.523665444077,145,0.76166,0.75318,0.75740,0.81457,0.73768,0.56108,0.80099,0.65990,0.77618,0.73606,0.75362,0.04067
0.01304,16,100,0.955246606169,108,128,64,64,0.671230095549,167,0.76726,0.79167,0.77927,0.83887,0.75618,0.57044,0.80985,0.66938,0.84144,0.74425,0.76019,0.04551
0.00062,128,100,0.591492165311,152,256,64,128,0.789178685464,116,0.76608,0.82602,0.79492,0.85193,0.76829,0.52993,0.88966,0.66421,0.86876,0.71244,0.77937,0.02387
0.00148,128,100,0.516366473841,340,512,128,64,0.527468096612,100,0.77901,0.78149,0.78025,0.84843,0.76068,0.50193,0.89557,0.64331,0.83798,0.68252,0.76729,0.03335
0.00302,64,100,0.554163025973,383,128,128,128,0.945973122604,100,0.77176,0.77545,0.77360,0.82354,0.75324,0.65194,0.72709,0.68747,0.84423,0.78866,0.76936,0.04084
0.00782,64,100,0.547703109782,460,256,128,128,0.847028992441,145,0.76853,0.77831,0.77339,0.82646,0.75203,0.57738,0.81970,0.67752,0.85067,0.75055,0.76710,0.03277
0.00759,64,100,0.765575179895,289,512,32,64,0.650438067454,95,0.78378,0.76559,0.77458,0.84514,0.75774,0.54341,0.85714,0.66514,0.86111,0.72409,0.76141,0.03626
0.01985,64,100,0.594034755777,176,256,256,64,0.723952979945,192,0.78052,0.77481,0.77765,0.83449,0.75912,0.57959,0.78916,0.66834,0.81386,0.74961,0.76398,0.01573
0.00500,16,100,0.557272486885,352,256,32,64,0.538448750034,148,0.76598,0.80057,0.78289,0.84064,0.75860,0.52680,0.84236,0.64822,0.84442,0.70772,0.75984,0.04820
0.02984,32,100,0.543599190145,442,512,32,256,0.619314007342,74,0.77159,0.80693,0.78887,0.84156,0.76517,0.52108,0.84039,0.64329,0.81782,0.70205,0.77210,0.04006
0.01379,32,100,0.67278278152,239,128,256,256,0.755955239693,93,0.77525,0.77894,0.77709,0.84347,0.75705,0.51559,0.84729,0.64107,0.85925,0.69669,0.76693,0.03764
0.01650,16,100,0.520437224488,262,256,256,64,0.73369899356,176,0.77848,0.78467,0.78156,0.84166,0.76154,0.54563,0.82463,0.65673,0.84062,0.72441,0.76296,0.05753
0.02190,128,100,0.661478198912,293,256,32,256,0.548654467916,158,0.75684,0.81775,0.78612,0.83978,0.75808,0.57767,0.79507,0.66915,0.82785,0.74866,0.77127,0.04588
0.02008,64,100,0.713480031076,150,512,128,64,0.902046516034,178,0.77558,0.75954,0.76748,0.82753,0.74978,0.56917,0.81478,0.67018,0.80608,0.74362,0.76850,0.04440
0.01587,128,100,0.530920453177,413,128,256,256,0.681263761034,31,0.76144,0.81520,0.78740,0.83828,0.76068,0.52596,0.83842,0.64641,0.82181,0.70677,0.76986,0.06241
0.00339,16,100,0.741923424442,413,512,32,64,0.693091504355,157,0.77746,0.77672,0.77709,0.84321,0.75774,0.51663,0.85714,0.64468,0.84559,0.69795,0.76106,0.03858
0.02814,32,100,0.911105421631,442,256,64,256,0.737273974471,101,0.76626,0.76431,0.76529,0.83321,0.74511,0.52472,0.86798,0.65405,0.84007,0.70646,0.76054,0.03819
0.02541,16,100,0.832881654008,405,256,64,128,0.551724061188,117,0.75565,0.78690,0.77096,0.82342,0.74581,0.49218,0.86798,0.62816,0.81792,0.67150,0.74998,0.04590
0.00583,128,100,0.618963914359,149,128,64,256,0.722147914992,22,0.77531,0.78912,0.78216,0.84283,0.76102,0.51596,0.86010,0.64499,0.83702,0.69732,0.76727,0.03686
0.00358,128,100,0.640319606824,161,512,256,64,0.569050027221,51,0.77701,0.78467,0.78082,0.84814,0.76050,0.50342,0.87094,0.63804,0.80335,0.68409,0.76849,0.03767
0.02737,64,100,0.872566830668,407,128,32,64,0.525952524953,104,0.78755,0.76050,0.77379,0.83936,0.75826,0.56834,0.82759,0.67389,0.86553,0.74394,0.76194,0.04436
0.00849,16,100,0.510844253785,403,256,128,256,0.545627790503,147,0.76664,0.80248,0.78415,0.83970,0.75981,0.51613,0.83547,0.63807,0.84490,0.69701,0.76190,0.05401
0.02504,16,100,0.679453339957,227,128,256,256,0.758735402346,62,0.75561,0.79262,0.77367,0.83433,0.74788,0.49330,0.87094,0.62985,0.80818,0.67276,0.75948,0.03597
0.01625,64,100,0.58215824127,26,128,128,64,0.730938359061,43,0.78130,0.78403,0.78266,0.84535,0.76327,0.53803,0.85025,0.65903,0.84817,0.71874,0.76675,0.03492
0.01734,32,100,0.542440041197,497,256,64,128,0.976435568414,102,0.74985,0.76940,0.75950,0.80958,0.73509,0.59858,0.82857,0.69504,0.87035,0.76756,0.78162,0.03118
0.01960,128,100,0.927700198873,98,256,32,64,0.584353837522,73,0.79155,0.73314,0.76123,0.83579,0.74996,0.53604,0.82069,0.64850,0.80076,0.71559,0.75760,0.05332
0.00734,128,100,0.960858317591,167,256,128,256,0.659634024871,40,0.78036,0.76845,0.77436,0.84468,0.75653,0.56454,0.81872,0.66828,0.85484,0.74016,0.76299,0.04622
0.02715,32,100,0.604446469893,348,512,256,256,0.587604624532,23,0.67138,0.81616,0.73672,0.76766,0.68286,0.50155,0.79803,0.61597,0.75191,0.68189,0.70925,0.05915
0.02321,16,100,0.948489495144,331,256,128,64,0.773753061172,171,0.77220,0.76877,0.77048,0.83551,0.75099,0.55412,0.80197,0.65539,0.81054,0.73039,0.75846,0.04610
0.02280,128,100,0.6587704759,370,512,64,256,0.669632758351,77,0.78277,0.74268,0.76220,0.83340,0.74805,0.55512,0.83842,0.66797,0.81102,0.73354,0.75618,0.03854
0.00355,16,100,0.964433494917,280,256,256,256,0.814542494966,164,0.78182,0.75223,0.76674,0.83666,0.75117,0.53841,0.85616,0.66109,0.83937,0.71937,0.75967,0.03870
0.01763,64,100,0.701793862726,303,256,256,128,0.87104590321,188,0.76034,0.77195,0.76610,0.81912,0.74373,0.60138,0.77438,0.67700,0.82390,0.76378,0.76120,0.04601
0.00419,16,100,0.671471277501,396,128,128,64,0.907367066442,27,0.77540,0.79389,0.78454,0.84580,0.76293,0.51896,0.84926,0.64425,0.84403,0.70016,0.76915,0.03609
0.01709,128,100,0.677331140428,202,512,32,64,0.615254756657,121,0.77630,0.76272,0.76945,0.83775,0.75151,0.58922,0.79704,0.67755,0.84241,0.75748,0.75431,0.03753
0.00308,128,100,0.889278836699,455,512,64,64,0.659670857307,40,0.77368,0.78721,0.78039,0.84548,0.75912,0.51207,0.85714,0.64112,0.81440,0.69323,0.76573,0.03588
0.00770,128,100,0.584391622443,78,128,64,128,0.583222392627,170,0.77624,0.76908,0.77265,0.83614,0.75393,0.54185,0.84828,0.66129,0.81494,0.72220,0.76363,0.04036
0.01046,32,100,0.906138960439,31,128,256,256,0.581263282466,171,0.77813,0.77195,0.77503,0.83911,0.75635,0.53008,0.83350,0.64803,0.85234,0.71055,0.75934,0.04455
0.01063,128,100,0.522609787006,193,128,64,256,0.733469181264,178,0.76416,0.78117,0.77257,0.81673,0.74996,0.54780,0.83547,0.66172,0.82269,0.72693,0.76328,0.03407
0.01485,32,100,0.916007741005,239,128,256,256,0.988307980577,48,0.76813,0.75445,0.76123,0.81829,0.74269,0.58672,0.73990,0.65447,0.82256,0.75024,0.76641,0.03844
0.02352,64,100,0.892550267506,299,512,64,256,0.787809758351,89,0.76743,0.76304,0.76523,0.82374,0.74546,0.55971,0.84039,0.67192,0.83424,0.73764,0.74932,0.05114
0.00133,16,100,0.557941596585,78,128,256,256,0.869890656458,189,0.77372,0.80153,0.78738,0.85088,0.76466,0.51504,0.86010,0.64428,0.83611,0.69638,0.77177,0.03057
0.02156,64,100,0.964518720701,488,256,128,256,0.861778802608,178,0.75907,0.76559,0.76231,0.81288,0.74045,0.59927,0.80591,0.68739,0.83343,0.76567,0.74965,0.03730
0.02236,64,100,0.875239169855,46,128,256,64,0.727690914551,29,0.77107,0.77131,0.77119,0.83815,0.75117,0.51720,0.84433,0.64147,0.85539,0.69827,0.75501,0.05162
0.01751,128,100,0.612727057623,89,512,256,128,0.639586858083,119,0.76521,0.79198,0.77837,0.83414,0.75480,0.56209,0.83842,0.67299,0.83560,0.73953,0.76105,0.02065
0.01597,16,100,0.8087520944,447,128,256,128,0.629618441889,41,0.71678,0.78244,0.74818,0.79194,0.71364,0.50574,0.82463,0.62697,0.76888,0.68630,0.72498,0.06269
0.02478,128,100,0.941675451942,252,256,32,256,0.604087977594,91,0.76926,0.77195,0.77060,0.82554,0.75013,0.53589,0.85320,0.65830,0.80442,0.71685,0.75793,0.03031
0.01234,128,100,0.826901799437,66,256,32,128,0.70106975841,84,0.75859,0.80057,0.77902,0.83054,0.75307,0.54545,0.83941,0.66123,0.82724,0.72504,0.75897,0.02736
0.01503,128,100,0.766046536143,155,512,128,64,0.841116791024,147,0.75770,0.75095,0.75431,0.81553,0.73405,0.55526,0.81182,0.65946,0.79855,0.73197,0.75586,0.03466
0.02571,32,100,0.931140374653,188,128,256,128,0.636925865008,189,0.77846,0.76336,0.77084,0.83686,0.75324,0.56891,0.82562,0.67363,0.85005,0.74425,0.76679,0.05906
0.00622,128,100,0.717181193295,143,256,128,256,0.828947534361,114,0.77318,0.76654,0.76985,0.83184,0.75082,0.58889,0.73103,0.65231,0.81890,0.75087,0.76602,0.02070
0.02704,64,100,0.763699444308,174,512,128,128,0.631336007021,24,0.76130,0.77704,0.76909,0.82851,0.74633,0.54686,0.79901,0.64932,0.81167,0.72409,0.74808,0.08235
0.01015,64,100,0.639144615798,332,512,256,128,0.767461893859,90,0.78269,0.75382,0.76798,0.84265,0.75238,0.58235,0.82562,0.68297,0.86364,0.75496,0.75950,0.03987
0.01702,16,100,0.629101122707,394,128,128,128,0.885328068053,40,0.76515,0.80312,0.78367,0.84035,0.75895,0.52281,0.83547,0.64316,0.85442,0.70362,0.76157,0.04591
0.02528,32,100,0.58552897335,269,512,128,128,0.851201796143,162,0.77708,0.74396,0.76016,0.83007,0.74477,0.57085,0.83744,0.67891,0.85698,0.74677,0.76056,0.04839
0.02969,64,100,0.979355309663,294,128,32,64,0.950060176983,87,0.76169,0.74109,0.75125,0.81827,0.73318,0.60606,0.65025,0.62738,0.80745,0.75307,0.75571,0.03635
0.02793,64,100,0.738793055884,427,512,256,128,0.771444412376,75,0.78249,0.75064,0.76623,0.83453,0.75099,0.57406,0.82857,0.67823,0.85803,0.74866,0.76038,0.03974
0.01040,64,100,0.886269351949,488,512,256,256,0.645265494369,75,0.78369,0.76399,0.77372,0.83879,0.75705,0.55213,0.82956,0.66299,0.85618,0.73039,0.75933,0.04039
0.00292,64,100,0.730935545975,105,128,64,64,0.70061220647,69,0.78079,0.77831,0.77955,0.84627,0.76068,0.52076,0.86502,0.65013,0.84105,0.70236,0.77245,0.02849
0.01076,16,100,0.65362707489,412,512,128,256,0.903258813204,44,0.77715,0.78976,0.78340,0.84200,0.76258,0.53982,0.84138,0.65768,0.86395,0.72000,0.76347,0.04379
0.00053,16,100,0.725777796194,292,256,32,64,0.903735127233,178,0.78358,0.76813,0.77578,0.84739,0.75860,0.51704,0.88177,0.65186,0.85047,0.69890,0.77178,0.03963
0.02525,16,100,0.609742775946,297,512,64,256,0.862054888045,123,0.77359,0.77704,0.77531,0.84001,0.75514,0.59297,0.79803,0.68039,0.85678,0.76031,0.76159,0.04832
0.01887,16,100,0.524163457349,269,512,64,64,0.572360143518,175,0.76629,0.80407,0.78473,0.83799,0.76016,0.51654,0.83054,0.63695,0.82943,0.69732,0.76520,0.04523
0.01787,16,100,0.967139778053,406,256,64,256,0.849034320192,31,0.75944,0.79930,0.77886,0.82971,0.75324,0.50848,0.82660,0.62964,0.81273,0.68913,0.76086,0.05825
0.00713,16,100,0.961183039975,386,512,256,64,0.858228930193,116,0.77647,0.77672,0.77659,0.83991,0.75705,0.54796,0.82167,0.65747,0.80800,0.72630,0.76433,0.03442
0.01543,16,100,0.993404385701,24,128,256,128,0.631034720604,115,0.76970,0.79835,0.78376,0.84161,0.76050,0.51097,0.84926,0.63805,0.81478,0.69197,0.76416,0.03582
0.01260,64,100,0.972398165685,48,128,128,128,0.834584509906,165,0.76052,0.76463,0.76257,0.81956,0.74114,0.54258,0.75961,0.63300,0.79599,0.71843,0.75396,0.05081
0.00192,128,100,0.877548183658,472,256,64,64,0.544359940757,198,0.76033,0.79612,0.77781,0.83554,0.75272,0.57304,0.80000,0.66776,0.83768,0.74551,0.76225,0.03908
0.01419,16,100,0.537296943869,383,128,32,256,0.542962697413,75,0.70272,0.85337,0.77076,0.79259,0.72402,0.49101,0.86108,0.62540,0.77497,0.67024,0.73747,0.07054
0.02797,32,100,0.947655156218,205,128,64,64,0.978594202534,90,0.73755,0.78212,0.75918,0.80440,0.73024,0.55489,0.82660,0.66403,0.82683,0.73260,0.76104,0.04675
0.02742,64,100,0.518720556589,143,512,256,256,0.690652020887,46,0.77017,0.78658,0.77828,0.83899,0.75635,0.55133,0.81478,0.65765,0.85333,0.72882,0.76433,0.04781
0.02276,32,100,0.90401990259,384,256,32,256,0.561132296832,125,0.77375,0.77990,0.77681,0.83957,0.75635,0.51592,0.86207,0.64552,0.86242,0.69732,0.76262,0.05773
0.01491,64,100,0.732538596061,492,512,32,128,0.673119227338,112,0.77832,0.75827,0.76816,0.83838,0.75117,0.54831,0.86108,0.66999,0.83324,0.72882,0.76610,0.04734
0.02918,32,100,0.929364098608,163,256,64,256,0.565874635819,26,0.68315,0.83047,0.74964,0.77766,0.69843,0.49390,0.79803,0.61017,0.73588,0.67402,0.70911,0.07309
0.00252,64,100,0.660920190797,374,512,32,256,0.690787105075,135,0.78484,0.77385,0.77931,0.84645,0.76172,0.60796,0.81281,0.69562,0.87210,0.77260,0.76712,0.03400
0.01397,64,100,0.871607697762,387,128,64,64,0.663824045283,194,0.77421,0.76018,0.76713,0.82935,0.74909,0.59517,0.82562,0.69170,0.85331,0.76472,0.76261,0.03035
0.02574,16,100,0.900652635347,351,512,64,128,0.539203823611,39,0.63685,0.90363,0.74714,0.75648,0.66747,0.46699,0.85025,0.60286,0.72981,0.64189,0.69642,0.08059
0.02826,16,100,0.832569635455,464,128,32,256,0.798416136717,200,0.77046,0.78467,0.77750,0.83753,0.75584,0.55040,0.80690,0.65441,0.84669,0.72756,0.76521,0.05032
0.00996,32,100,0.538568818431,24,512,128,64,0.953850969925,100,0.76452,0.77449,0.76947,0.81392,0.74771,0.56417,0.85320,0.67922,0.86291,0.74236,0.77556,0.03073
0.01275,32,100,0.972890073598,242,128,64,64,0.643264254001,82,0.77100,0.78817,0.77949,0.84265,0.75757,0.50719,0.86897,0.64052,0.84537,0.68819,0.76814,0.04048
0.00297,64,100,0.564290409977,33,128,128,64,0.776155585978,95,0.77725,0.78244,0.77984,0.84824,0.75981,0.55225,0.85911,0.67232,0.87042,0.73228,0.76659,0.02004
0.00823,128,100,0.790545856943,148,128,256,128,0.872086690943,86,0.77638,0.78403,0.78019,0.83574,0.75981,0.61733,0.74384,0.67471,0.83876,0.77071,0.76589,0.03017
0.02340,32,100,0.723831147632,473,128,256,64,0.930151902219,151,0.77310,0.77163,0.77237,0.82055,0.75272,0.56254,0.82857,0.67012,0.81929,0.73921,0.77991,0.03973
0.01135,16,100,0.665829207119,365,512,64,128,0.904954102505,38,0.77288,0.78149,0.77716,0.84139,0.75635,0.52222,0.84532,0.64560,0.84954,0.70331,0.76418,0.05174
0.01222,64,100,0.752460908247,256,512,64,64,0.826890482394,69,0.77884,0.74936,0.76382,0.83754,0.74805,0.58479,0.82562,0.68464,0.85150,0.75685,0.76415,0.01933
0.01557,16,100,0.76469815558,50,128,64,64,0.732889699366,183,0.77437,0.77831,0.77633,0.84283,0.75618,0.56212,0.81576,0.66559,0.85993,0.73795,0.76193,0.06095
0.01245,64,100,0.699980990291,222,512,64,64,0.882592849076,183,0.77709,0.75954,0.76822,0.82859,0.75082,0.56452,0.72414,0.63444,0.80455,0.73323,0.76779,0.02130
0.02483,128,100,0.84410727155,293,128,64,128,0.710209139731,20,0.77975,0.78372,0.78173,0.84198,0.76206,0.54563,0.81281,0.65295,0.85748,0.72378,0.76710,0.03909
0.02964,16,100,0.905214224427,197,128,64,64,0.84081126818,115,0.76510,0.76559,0.76534,0.82939,0.74477,0.55533,0.82562,0.66403,0.84966,0.73291,0.75398,0.04595
0.01477,16,100,0.533426660452,468,256,64,256,0.737265725204,99,0.75822,0.80693,0.78182,0.83446,0.75514,0.49152,0.85616,0.62451,0.81751,0.67087,0.76036,0.04919
0.01125,64,100,0.644586110794,287,512,32,256,0.808106448212,187,0.76397,0.77417,0.76904,0.82175,0.74719,0.62930,0.75764,0.68753,0.85190,0.77984,0.76967,0.01548
0.00929,16,100,0.549540455464,199,256,256,64,0.881359980736,34,0.77420,0.79612,0.78501,0.84352,0.76293,0.51747,0.83153,0.63794,0.85047,0.69827,0.76608,0.05619
0.01924,64,100,0.855493684581,223,256,32,128,0.98026986173,82,0.76396,0.74841,0.75611,0.82162,0.73751,0.64049,0.72315,0.67932,0.83949,0.78173,0.76051,0.02209
0.02345,64,100,0.581536477335,469,512,64,64,0.769112689761,144,0.77685,0.76622,0.77150,0.83373,0.75324,0.65474,0.77537,0.70997,0.86606,0.79748,0.75932,0.03476
0.02191,16,100,0.862877562604,326,128,256,64,0.900626437692,186,0.77276,0.78308,0.77788,0.83451,0.75687,0.58689,0.81182,0.68127,0.84735,0.75717,0.77040,0.04893
0.02893,16,100,0.938979105715,424,512,256,128,0.548582294132,55,0.68668,0.80025,0.73913,0.77151,0.69289,0.49071,0.80690,0.61028,0.73758,0.67055,0.71205,0.08109
0.00263,128,100,0.913465227585,403,128,128,256,0.988185024774,137,0.76215,0.76336,0.76275,0.82948,0.74183,0.55463,0.78522,0.65008,0.81336,0.72976,0.76330,0.03018
0.00826,64,100,0.936594266669,208,128,64,64,0.716389485318,193,0.77811,0.75064,0.76412,0.83121,0.74805,0.52884,0.80394,0.63800,0.79157,0.70835,0.75949,0.02933
0.01177,64,100,0.912422703735,227,256,128,256,0.653057196175,74,0.78066,0.76527,0.77289,0.83970,0.75549,0.56536,0.83941,0.67565,0.86679,0.74236,0.75725,0.03724
0.00760,16,100,0.866385439453,241,128,64,128,0.847714249178,66,0.77066,0.78022,0.77541,0.84195,0.75428,0.54468,0.82266,0.65542,0.85602,0.72346,0.75709,0.04770
0.01174,32,100,0.898793571937,449,256,64,128,0.765299413295,67,0.77651,0.78022,0.77836,0.84523,0.75843,0.53832,0.85123,0.65954,0.86550,0.71906,0.76364,0.03684
0.01493,64,100,0.510395687294,360,256,128,64,0.836508376258,132,0.77971,0.77004,0.77484,0.83188,0.75670,0.62462,0.80493,0.70340,0.86693,0.78299,0.77262,0.01854
0.02753,128,100,0.822609098498,238,512,32,256,0.601124446132,151,0.73553,0.80057,0.76668,0.81679,0.73509,0.53628,0.83744,0.65385,0.81637,0.71654,0.75445,0.02194
0.01536,128,100,0.616673868756,293,256,256,128,0.701769706056,160,0.77178,0.76908,0.77043,0.82226,0.75082,0.57447,0.79803,0.66804,0.79839,0.74646,0.76536,0.02693
0.01120,32,100,0.701508828326,13,256,64,128,0.695311602999,122,0.77257,0.77576,0.77416,0.84242,0.75393,0.55028,0.85714,0.67026,0.85756,0.73039,0.76420,0.04866
0.00313,128,100,0.767352292169,60,512,256,64,0.885152341885,120,0.76017,0.78435,0.77207,0.81964,0.74823,0.58169,0.81379,0.67844,0.84182,0.75339,0.76619,0.03148
0.00349,64,100,0.997863444372,184,256,32,64,0.59661015948,167,0.77973,0.76113,0.77032,0.83206,0.75324,0.52682,0.86108,0.65370,0.83282,0.70835,0.76193,0.04317
0.02835,16,100,0.59561046403,361,256,256,256,0.713698780846,135,0.75399,0.79644,0.77463,0.83021,0.74805,0.51966,0.84631,0.64393,0.85183,0.70079,0.75101,0.04566
0.02350,128,100,0.562322739086,201,128,256,256,0.852774231571,40,0.78360,0.77513,0.77934,0.84642,0.76137,0.54792,0.85616,0.66820,0.82524,0.72819,0.77472,0.04473
0.00942,64,100,0.509042214692,14,256,128,64,0.773564445368,54,0.78234,0.76940,0.77582,0.84818,0.75826,0.52205,0.85123,0.64719,0.81562,0.70331,0.76348,0.03797
0.01130,16,100,0.887875649684,55,256,32,64,0.784543485007,131,0.78208,0.77163,0.77682,0.83664,0.75895,0.55217,0.83941,0.66615,0.85787,0.73102,0.76365,0.03747
0.02792,32,100,0.606452883115,92,256,64,256,0.828643288225,104,0.77153,0.76368,0.76758,0.83534,0.74857,0.52809,0.83350,0.64654,0.83198,0.70866,0.76208,0.03623
0.01515,128,100,0.869210767156,322,128,128,256,0.883362030601,149,0.75885,0.78372,0.77108,0.82943,0.74702,0.60570,0.71133,0.65428,0.82662,0.75969,0.75222,0.02500
0.02612,16,100,0.531534353451,253,512,256,64,0.50424943807,43,0.63061,0.90299,0.74261,0.75715,0.65969,0.51421,0.80197,0.62664,0.74419,0.69449,0.71617,0.06743
0.00829,32,100,0.595728217004,179,256,32,256,0.619274504775,98,0.77111,0.78117,0.77611,0.84189,0.75497,0.54334,0.82759,0.65599,0.84263,0.72252,0.76138,0.02541
0.00684,32,100,0.504067920557,393,512,256,64,0.977834983483,131,0.76373,0.77417,0.76891,0.81883,0.74702,0.62205,0.80591,0.70215,0.86406,0.78142,0.77607,0.03223
0.02971,64,100,0.572696649834,205,256,128,256,0.8743822936,102,0.76959,0.77767,0.77361,0.82596,0.75255,0.58694,0.84138,0.69150,0.85799,0.76000,0.77246,0.02317
0.02278,16,100,0.61956909498,413,128,32,128,0.993827741943,89,0.76966,0.75032,0.75986,0.82160,0.74218,0.59496,0.79015,0.67880,0.82921,0.76094,0.77280,0.03283
0.01161,32,100,0.989013010982,296,512,128,128,0.761492498925,36,0.77228,0.79389,0.78294,0.84472,0.76068,0.52945,0.83251,0.64726,0.84862,0.70992,0.76640,0.03878
0.00272,64,100,0.658167035416,374,128,32,128,0.792805346288,45,0.78100,0.77926,0.78013,0.84651,0.76120,0.53248,0.85616,0.65659,0.83023,0.71370,0.77073,0.03889
0.01637,32,100,0.968460456992,75,512,128,64,0.544265770103,162,0.76427,0.77958,0.77185,0.83504,0.74944,0.51945,0.85517,0.64631,0.82774,0.70079,0.76194,0.03618
0.00431,16,100,0.507425861319,184,512,32,256,0.749506123804,142,0.77660,0.78944,0.78297,0.84441,0.76206,0.55043,0.82266,0.65956,0.86111,0.72850,0.76451,0.04200
0.00636,64,100,0.587625839385,349,512,256,128,0.901547573361,78,0.77731,0.76718,0.77221,0.83261,0.75393,0.63960,0.76059,0.69487,0.84901,0.78646,0.76330,0.02977
0.02675,64,100,0.536085933496,193,512,64,64,0.75997825879,32,0.78113,0.78212,0.78163,0.84085,0.76241,0.54286,0.82365,0.65440,0.81932,0.72189,0.76916,0.04063
0.00671,128,100,0.564008222717,203,128,128,256,0.513481873852,28,0.77092,0.80280,0.78654,0.84268,0.76310,0.50342,0.86995,0.63778,0.81149,0.68409,0.77209,0.02767
0.02871,16,100,0.602708087095,416,512,32,64,0.878572184305,145,0.77258,0.77258,0.77258,0.83594,0.75272,0.55150,0.81773,0.65873,0.82567,0.72913,0.76038,0.05095
0.02261,32,100,0.756209462557,196,512,128,128,0.882172923712,23,0.77222,0.78499,0.77855,0.84217,0.75722,0.52684,0.83153,0.64501,0.85337,0.70740,0.75985,0.06344
0.00101,16,100,0.918635455163,264,256,32,64,0.819885025131,144,0.78088,0.78212,0.78150,0.84597,0.76223,0.53337,0.85813,0.65785,0.85386,0.71465,0.76726,0.03137
0.02146,128,100,0.552941672154,117,512,64,64,0.549540997456,110,0.78949,0.74078,0.76436,0.83923,0.75169,0.54242,0.83153,0.65655,0.80388,0.72189,0.76036,0.03432
0.02985,64,100,0.872649434319,341,256,128,64,0.907824418738,120,0.76448,0.77640,0.77040,0.82427,0.74840,0.58913,0.80099,0.67891,0.84405,0.75780,0.76383,0.03985
0.01382,64,100,0.567163582961,41,512,64,256,0.598978535016,99,0.77961,0.76845,0.77399,0.84163,0.75601,0.54100,0.83842,0.65765,0.81201,0.72094,0.75933,0.04217
0.02308,64,100,0.784346231552,325,256,256,256,0.573539042477,132,0.78116,0.77545,0.77829,0.84189,0.75981,0.56099,0.84729,0.67504,0.85982,0.73921,0.76280,0.04017
0.00531,32,100,0.810889435548,22,512,32,128,0.645530460542,124,0.78337,0.76718,0.77519,0.84445,0.75808,0.57828,0.80788,0.67406,0.86416,0.75024,0.76089,0.03880
0.01080,32,100,0.573133107826,311,256,32,128,0.882534937527,70,0.78083,0.78753,0.78416,0.85045,0.76431,0.54770,0.83153,0.66041,0.86214,0.72661,0.76779,0.04036
0.01464,64,100,0.752555261364,53,256,64,256,0.867183172002,75,0.78043,0.75859,0.76935,0.83550,0.75272,0.61667,0.80197,0.69722,0.84619,0.77732,0.76207,0.02229
0.00386,16,100,0.630949506006,359,512,64,128,0.860174166129,113,0.78107,0.77163,0.77632,0.84419,0.75826,0.55533,0.82069,0.66243,0.85326,0.73260,0.76657,0.03840
0.02019,64,100,0.589081441745,101,128,32,128,0.912896996845,85,0.75785,0.77545,0.76655,0.81773,0.74321,0.60467,0.81675,0.69489,0.85346,0.77071,0.77007,0.03277
0.01371,16,100,0.920422839687,110,256,128,64,0.505609563802,158,0.76901,0.78467,0.77676,0.83787,0.75480,0.50898,0.83744,0.63315,0.83750,0.68976,0.76071,0.05916
0.02773,16,100,0.72498709022,134,128,32,128,0.998055585733,62,0.77081,0.73919,0.75467,0.82915,0.73872,0.58065,0.83350,0.68447,0.85629,0.75433,0.76815,0.04423
0.02120,64,100,0.834247289761,21,512,256,256,0.658847429694,47,0.77450,0.76908,0.77178,0.84155,0.75272,0.52294,0.84236,0.64528,0.85748,0.70394,0.75933,0.04918
0.02370,128,100,0.759017062765,360,128,32,256,0.667390717035,92,0.78168,0.75732,0.76931,0.83434,0.75307,0.57714,0.79606,0.66915,0.84452,0.74835,0.76036,0.03555
0.02261,32,100,0.925498823563,229,512,256,128,0.715480720284,102,0.77694,0.75445,0.76553,0.83086,0.74875,0.54974,0.83842,0.66407,0.85786,0.72882,0.75382,0.04714
0.02347,128,100,0.828631336892,57,512,128,256,0.737585993304,47,0.74176,0.81584,0.77704,0.82521,0.74546,0.51887,0.86700,0.64921,0.83877,0.70047,0.75291,0.03901
0.01773,128,100,0.657908446386,464,256,64,256,0.903995575201,36,0.76759,0.78053,0.77401,0.82974,0.75220,0.54997,0.78621,0.64720,0.79940,0.72598,0.76105,0.04833
0.02997,32,100,0.996504069238,340,128,32,256,0.587130406429,199,0.76293,0.74618,0.75446,0.82275,0.73595,0.55227,0.82759,0.66246,0.84967,0.73039,0.74895,0.04751
0.00026,128,100,0.756813046504,192,128,256,64,0.973164407425,141,0.74555,0.83874,0.78940,0.83914,0.75670,0.55198,0.86305,0.67333,0.85408,0.73228,0.77971,0.03349
0.00231,32,100,0.665148431262,137,512,64,128,0.555375742678,162,0.77788,0.78308,0.78047,0.84588,0.76050,0.52613,0.87291,0.65654,0.86751,0.70803,0.76814,0.02676
0.00216,128,100,0.898009001456,378,512,64,256,0.690115651327,154,0.75910,0.78276,0.77075,0.82950,0.74684,0.57483,0.76059,0.65479,0.81882,0.74362,0.76154,0.03730
0.02957,64,100,0.766649976023,160,128,256,256,0.713702898894,139,0.78091,0.74936,0.76481,0.83138,0.74944,0.54749,0.86897,0.67174,0.83192,0.72850,0.76712,0.04968
0.00428,32,100,0.68216354116,335,256,32,128,0.533473664355,186,0.77876,0.78372,0.78123,0.84337,0.76137,0.55418,0.83645,0.66667,0.86732,0.73260,0.76294,0.03669
0.01832,128,100,0.884185704368,16,256,256,128,0.896932042872,57,0.73889,0.81457,0.77489,0.81414,0.74269,0.56144,0.78325,0.65405,0.79927,0.73512,0.74981,0.02387
0.00073,32,100,0.534209154544,232,128,256,256,0.536538681036,176,0.76695,0.81330,0.78944,0.84791,0.76414,0.53133,0.85222,0.65456,0.85765,0.71244,0.77331,0.04066
0.00532,64,100,0.875207874758,288,128,128,64,0.868799516598,85,0.78015,0.76749,0.77377,0.83751,0.75601,0.54342,0.81379,0.65168,0.81611,0.72189,0.77158,0.03750
0.01168,64,100,0.962387591163,213,256,32,128,0.658055001104,120,0.78548,0.76050,0.77279,0.83596,0.75687,0.58878,0.81675,0.68428,0.84903,0.75906,0.75882,0.04910
0.02563,128,100,0.707411368162,313,512,256,128,0.920616319933,95,0.76841,0.75350,0.76088,0.81910,0.74252,0.59806,0.72709,0.65629,0.81525,0.75654,0.76103,0.02282
0.00162,128,100,0.86400348136,17,256,256,256,0.535222936066,26,0.77294,0.79039,0.78157,0.84559,0.75981,0.54177,0.83054,0.65578,0.84749,0.72126,0.77003,0.04540
0.02450,128,100,0.658143064111,174,128,32,64,0.750618369498,57,0.78200,0.75986,0.77077,0.84412,0.75428,0.55886,0.81379,0.66266,0.81165,0.73512,0.77108,0.02753
0.01330,64,100,0.87072824286,394,256,256,128,0.881629304899,74,0.77157,0.76813,0.76984,0.82573,0.75030,0.56639,0.80690,0.66558,0.80603,0.74079,0.76155,0.02932
0.01326,128,100,0.825706875507,184,256,32,256,0.548251887939,185,0.77354,0.74746,0.76027,0.82715,0.74373,0.58949,0.70739,0.64308,0.79907,0.74898,0.75548,0.01787
0.00779,64,100,0.512186671895,207,128,128,128,0.710922533561,66,0.78121,0.78022,0.78071,0.84710,0.76172,0.57114,0.83448,0.67814,0.84403,0.74677,0.76813,0.03505
0.01023,128,100,0.684233338466,34,128,64,128,0.853937312278,195,0.74633,0.79262,0.76878,0.82206,0.74079,0.55616,0.80493,0.65781,0.81578,0.73228,0.77068,0.04628
0.01228,32,100,0.673964805747,327,128,32,256,0.653726410104,100,0.76639,0.77322,0.76979,0.83928,0.74857,0.51050,0.86207,0.64126,0.84714,0.69165,0.76123,0.03805
0.00286,16,100,0.536445208011,97,128,32,256,0.959176541783,189,0.74880,0.79453,0.77099,0.81209,0.74339,0.56275,0.84828,0.67662,0.85911,0.74079,0.78060,0.03444
0.02143,32,100,0.813604773325,254,128,32,128,0.764054265531,108,0.78123,0.76781,0.77446,0.84076,0.75687,0.58244,0.80394,0.67550,0.86189,0.75307,0.76454,0.05345
0.02721,128,100,0.52335025417,64,512,64,64,0.504923241137,179,0.75474,0.81043,0.78160,0.83493,0.75376,0.55044,0.87094,0.67455,0.85297,0.73134,0.76004,0.03429
0.00323,16,100,0.526850246042,320,128,32,64,0.562273892135,74,0.72737,0.83842,0.77896,0.82467,0.74131,0.54858,0.80099,0.65118,0.80842,0.72567,0.75552,0.06533
0.00594,32,100,0.945350726187,382,512,256,64,0.750248689572,154,0.78192,0.75382,0.76761,0.83385,0.75186,0.53156,0.84631,0.65298,0.81070,0.71244,0.76362,0.05190
0.02376,128,100,0.831859580581,334,512,128,128,0.694440130205,99,0.75289,0.78785,0.76997,0.81694,0.74408,0.54773,0.79704,0.64928,0.79329,0.72472,0.75981,0.03257
0.00768,128,100,0.687385779671,281,512,64,128,0.57230338333,129,0.76993,0.78340,0.77660,0.83725,0.75497,0.56334,0.86305,0.68171,0.83770,0.74236,0.76983,0.03450
0.02494,64,100,0.794838266497,259,128,128,256,0.92553530918,198,0.75626,0.76877,0.76246,0.82017,0.73958,0.60938,0.76847,0.67974,0.83690,0.76850,0.75985,0.03492
0.00075,16,100,0.999589468847,321,256,64,256,0.75126254374,135,0.77429,0.77576,0.77502,0.84044,0.75514,0.54288,0.84828,0.66205,0.85915,0.72315,0.76762,0.04057
0.00088,32,100,0.740098498793,485,256,64,256,0.566307246176,172,0.77532,0.78149,0.77839,0.84554,0.75808,0.56144,0.81478,0.66479,0.85833,0.73732,0.76259,0.03646
0.00486,16,100,0.81373089357,192,128,256,256,0.834713230306,132,0.78415,0.77417,0.77913,0.84697,0.76137,0.54020,0.84729,0.65976,0.86034,0.72063,0.76935,0.03384
0.02460,16,100,0.618891051351,36,512,32,128,0.933428047054,102,0.77322,0.74936,0.76110,0.83159,0.74425,0.57950,0.81872,0.67864,0.83275,0.75213,0.76312,0.04494
0.01476,64,100,0.836302636853,225,128,256,128,0.798802224632,34,0.78137,0.77640,0.77888,0.84156,0.76033,0.56470,0.83842,0.67486,0.87195,0.74173,0.76625,0.03758
0.01700,128,100,0.660017425674,88,512,64,128,0.500065402502,121,0.78127,0.75095,0.76581,0.83861,0.75030,0.55541,0.84926,0.67160,0.85057,0.73449,0.75449,0.03296
0.02938,16,100,0.544913021508,104,512,64,64,0.621151794167,65,0.71138,0.83333,0.76754,0.80495,0.72557,0.50895,0.84039,0.63397,0.77523,0.68976,0.73942,0.05749
0.00246,32,100,0.763305359311,163,512,256,128,0.849126419674,25,0.77732,0.77831,0.77781,0.84624,0.75826,0.51217,0.87094,0.64502,0.85402,0.69354,0.76969,0.03234
0.01299,16,100,0.661894270191,302,128,32,128,0.89637082688,115,0.77870,0.77449,0.77659,0.84279,0.75774,0.53503,0.85025,0.65677,0.83176,0.71591,0.76348,0.03515
0.01328,16,100,0.907155939534,249,128,128,128,0.77338682319,162,0.77258,0.77799,0.77528,0.83564,0.75480,0.50660,0.86995,0.64032,0.82393,0.68756,0.76367,0.04902
0.02059,128,100,0.784195156022,484,512,32,256,0.872415352497,70,0.74650,0.81298,0.77832,0.82234,0.74823,0.56917,0.74581,0.64563,0.80759,0.73827,0.75998,0.03372
0.02027,128,100,0.608906843848,322,128,32,128,0.570508001623,45,0.77271,0.77640,0.77455,0.83971,0.75428,0.52800,0.84532,0.65000,0.81316,0.70898,0.75881,0.03802
0.02214,32,100,0.901354194723,196,256,128,256,0.993456387277,155,0.76318,0.72265,0.74236,0.81625,0.72730,0.59323,0.81182,0.68552,0.84728,0.76189,0.77335,0.05152
0.00294,32,100,0.715989318401,339,512,128,256,0.557291129926,160,0.77942,0.77322,0.77631,0.84525,0.75774,0.53284,0.85517,0.65658,0.86002,0.71402,0.76381,0.03202
0.00331,32,100,0.748536758752,129,256,32,128,0.892645801458,54,0.78132,0.77958,0.78045,0.84743,0.76154,0.54321,0.86700,0.66793,0.85339,0.72441,0.76780,0.03442
0.01303,32,100,0.676322973901,478,512,256,128,0.886354671505,74,0.78129,0.77036,0.77578,0.83890,0.75791,0.54200,0.85813,0.66438,0.85653,0.72283,0.76797,0.04008
0.02122,128,100,0.953972440847,395,256,128,256,0.922273602749,107,0.72918,0.78531,0.75620,0.80163,0.72471,0.53089,0.77044,0.62862,0.80357,0.70898,0.74321,0.03428
0.02508,32,100,0.982121239501,252,512,32,128,0.60702524408,158,0.78353,0.75064,0.76673,0.83453,0.75169,0.57083,0.80197,0.66694,0.84128,0.74394,0.75693,0.04884
0.02541,32,100,0.633013595506,357,512,128,128,0.523204948896,141,0.76121,0.79389,0.77721,0.83784,0.75255,0.53011,0.83251,0.64776,0.85478,0.71055,0.75759,0.04828
0.02797,32,100,0.642642305036,68,128,32,128,0.57155963383,81,0.76565,0.80534,0.78499,0.83691,0.76016,0.51632,0.84138,0.63994,0.83110,0.69732,0.76362,0.04736
0.01249,16,100,0.775571356127,63,512,128,128,0.978389908941,67,0.76467,0.77926,0.77190,0.82421,0.74961,0.60915,0.80000,0.69165,0.85686,0.77197,0.77176,0.03493
0.02958,64,100,0.683501734067,430,128,32,128,0.564391780107,190,0.77627,0.76590,0.77105,0.83927,0.75272,0.55982,0.84828,0.67450,0.81641,0.73827,0.75952,0.03803
0.01822,128,100,0.809687845846,119,128,128,64,0.742654666385,148,0.76729,0.76240,0.76484,0.81929,0.74511,0.59390,0.72906,0.65458,0.79084,0.75402,0.75152,0.03994
0.02820,128,100,0.896421479406,150,256,256,64,0.90608933783,193,0.71984,0.80662,0.76076,0.80101,0.72419,0.54664,0.82562,0.65777,0.80201,0.72535,0.74807,0.06165
0.02231,16,100,0.54109274449,476,512,128,256,0.702088551833,151,0.77071,0.79008,0.78027,0.83820,0.75808,0.52101,0.83054,0.64033,0.82540,0.70173,0.76053,0.05650
0.00485,64,100,0.995502807084,320,512,128,64,0.545990727983,77,0.78748,0.77195,0.77963,0.85133,0.76275,0.53172,0.84236,0.65193,0.84851,0.71244,0.77264,0.03519
0.01486,128,100,0.69677116363,162,256,32,64,0.578601309275,179,0.77070,0.76972,0.77021,0.83135,0.75030,0.62299,0.80099,0.70086,0.85684,0.78142,0.76309,0.02744
0.01464,16,100,0.995771426475,265,256,64,256,0.935161920177,83,0.77361,0.74777,0.76047,0.82367,0.74390,0.54876,0.80394,0.65228,0.83745,0.72598,0.75952,0.04521
0.00138,128,100,0.604479485035,284,128,64,128,0.70962125349,39,0.77041,0.80153,0.78566,0.84954,0.76223,0.51812,0.85911,0.64640,0.83509,0.69953,0.76987,0.05219
0.01448,128,100,0.791401030234,491,512,128,256,0.586841425275,156,0.73519,0.82920,0.77937,0.82790,0.74477,0.56618,0.83448,0.67463,0.83717,0.74268,0.74813,0.05500
0.00496,128,100,0.872816522874,196,512,128,256,0.714100284327,183,0.76617,0.77226,0.76921,0.82948,0.74805,0.58101,0.80197,0.67384,0.83526,0.75181,0.76359,0.04520
0.00311,64,100,0.845335693391,496,128,64,64,0.818014737573,190,0.78168,0.77099,0.77630,0.83658,0.75843,0.61408,0.74778,0.67437,0.84193,0.76913,0.77468,0.03250
0.01663,64,100,0.693070562286,385,512,128,64,0.98913397048,96,0.76159,0.77831,0.76986,0.82563,0.74702,0.61373,0.73103,0.66727,0.84365,0.76693,0.77783,0.04129
0.01530,16,100,0.948605164858,156,256,256,64,0.569522099688,46,0.70482,0.78149,0.74118,0.78164,0.70327,0.49169,0.84532,0.62174,0.76203,0.67118,0.71929,0.05935
0.02424,32,100,0.859478228347,145,256,64,128,0.635413159415,159,0.77667,0.77099,0.77382,0.83429,0.75497,0.53759,0.84532,0.65722,0.83769,0.71811,0.76506,0.06377
0.01931,128,100,0.853106496092,472,128,128,64,0.910474336116,80,0.76980,0.76368,0.76673,0.82312,0.74736,0.57927,0.73793,0.64905,0.81125,0.74488,0.75104,0.03690
0.01077,64,100,0.5459136063,256,512,256,128,0.539520323014,69,0.78084,0.76718,0.77395,0.84158,0.75635,0.54731,0.84335,0.66382,0.83877,0.72693,0.76400,0.03391
0.01107,64,100,0.731635503887,117,512,128,64,0.631964264342,116,0.78191,0.75604,0.76876,0.83913,0.75272,0.54073,0.85025,0.66105,0.84654,0.72126,0.76020,0.03394
0.00514,16,100,0.967882709623,128,512,32,128,0.699214264282,69,0.77266,0.79994,0.78606,0.84186,0.76327,0.52091,0.83448,0.64142,0.84765,0.70173,0.76708,0.03248
0.01239,16,100,0.536894222149,208,128,256,256,0.802076833618,102,0.76480,0.79739,0.78075,0.84250,0.75653,0.52171,0.85222,0.64721,0.84424,0.70299,0.76278,0.04944
0.00718,64,100,0.746875811437,347,256,128,64,0.851873483002,129,0.77391,0.76431,0.76908,0.82736,0.75048,0.58846,0.75369,0.66091,0.82427,0.75276,0.75554,0.05343
0.01911,128,100,0.907158867953,298,512,128,256,0.843579694311,193,0.73572,0.79866,0.76590,0.80574,0.73457,0.58281,0.73498,0.65011,0.81447,0.74709,0.75362,0.02309
0.02984,32,100,0.63086606011,201,256,256,64,0.785017100761,187,0.78416,0.74650,0.76487,0.83455,0.75048,0.57988,0.84039,0.68624,0.86105,0.75433,0.75762,0.04040
0.00786,64,100,0.570309010808,315,512,64,128,0.675261581763,62,0.78311,0.77863,0.78086,0.84603,0.76241,0.55614,0.82956,0.66588,0.86745,0.73386,0.76780,0.04204
0.00101,128,100,0.849447072078,342,256,256,64,0.511037639052,40,0.77109,0.79071,0.78078,0.84603,0.75860,0.51779,0.86010,0.64643,0.85055,0.69921,0.76554,0.04325
0.02311,32,100,0.909573700776,417,256,32,64,0.779438923781,118,0.77735,0.76845,0.77287,0.83092,0.75445,0.56192,0.84039,0.67351,0.85879,0.73953,0.75953,0.05699
0.02514,128,100,0.957932389288,177,256,256,128,0.821772302049,91,0.72192,0.81170,0.76419,0.80180,0.72765,0.54670,0.82463,0.65750,0.80930,0.72535,0.73119,0.08430
0.02529,16,100,0.867130260613,457,256,128,64,0.714456670772,70,0.75503,0.79898,0.77639,0.82586,0.74978,0.49653,0.84631,0.62587,0.83242,0.67654,0.75535,0.04400
0.00077,64,100,0.980252470033,421,512,128,64,0.577821693649,198,0.77720,0.76559,0.77135,0.83536,0.75324,0.52906,0.87882,0.66050,0.85112,0.71118,0.77037,0.03762
0.02169,16,100,0.800711527899,386,256,128,128,0.70525359764,186,0.77498,0.77449,0.77474,0.84000,0.75514,0.55003,0.80690,0.65415,0.84760,0.72724,0.76036,0.03870
0.02421,16,100,0.821539832322,249,128,256,64,0.50858374659,29,0.61704,0.89122,0.72921,0.72667,0.64015,0.44112,0.85616,0.58224,0.69222,0.60724,0.67449,0.06621
0.00841,16,100,0.512156313484,91,256,128,64,0.603954108607,131,0.77105,0.79803,0.78431,0.84131,0.76137,0.51215,0.83054,0.63360,0.81488,0.69291,0.76433,0.04592
0.00924,128,100,0.916973738369,279,128,128,128,0.960653642243,110,0.75429,0.78212,0.76796,0.82381,0.74304,0.53891,0.81182,0.64780,0.81463,0.71780,0.76707,0.02717
0.00884,64,100,0.564376165109,387,256,64,64,0.652650684696,118,0.78300,0.77926,0.78113,0.84685,0.76258,0.56299,0.84532,0.67586,0.86891,0.74079,0.76798,0.04097
0.00106,32,100,0.979132658484,270,128,128,256,0.688470071499,91,0.77527,0.77576,0.77552,0.84624,0.75584,0.54984,0.84236,0.66537,0.84707,0.72913,0.77231,0.03890
0.00151,16,100,0.800707652919,305,256,128,128,0.970854545613,35,0.78310,0.76940,0.77619,0.84492,0.75878,0.53984,0.86108,0.66363,0.86112,0.72094,0.76763,0.04282
0.00844,64,100,0.796834938056,354,256,64,256,0.972974710383,107,0.77792,0.76209,0.76992,0.83128,0.75238,0.57465,0.72808,0.64233,0.81952,0.74079,0.76693,0.03620
0.01367,32,100,0.903471871513,307,256,128,64,0.719905369767,61,0.77268,0.76654,0.76960,0.83883,0.75048,0.52161,0.85616,0.64827,0.84678,0.70299,0.76037,0.04708
0.01690,128,100,0.793858170238,331,128,32,256,0.630125228277,125,0.76555,0.78308,0.77421,0.82348,0.75169,0.57502,0.83448,0.68087,0.85153,0.74992,0.75499,0.02747
0.00670,128,100,0.539551667503,160,128,64,64,0.838715335999,146,0.76765,0.77449,0.77106,0.82556,0.74996,0.63604,0.70936,0.67070,0.83258,0.77732,0.77036,0.01627
0.00995,64,100,0.642200730384,489,128,32,128,0.731180668514,164,0.77792,0.77099,0.77444,0.83757,0.75584,0.57341,0.85419,0.68619,0.85604,0.75024,0.77106,0.02622
0.02661,16,100,0.843184534802,452,512,256,64,0.606489420709,77,0.75242,0.81489,0.78241,0.82829,0.75359,0.51726,0.82660,0.63633,0.81607,0.69795,0.75792,0.06486
0.01861,64,100,0.585585229438,161,512,128,128,0.893250603757,182,0.77560,0.75413,0.76472,0.82479,0.74771,0.65301,0.76946,0.70647,0.85737,0.79559,0.77090,0.03530
0.02750,32,100,0.84936320448,368,128,256,128,0.60920353802,103,0.76553,0.78403,0.77467,0.83820,0.75203,0.52985,0.83941,0.64964,0.80661,0.71055,0.75794,0.04310
0.00401,128,100,0.941889120186,293,256,128,256,0.942254539625,63,0.75575,0.77354,0.76454,0.81297,0.74096,0.54297,0.84039,0.65971,0.83322,0.72283,0.76016,0.04127
0.01659,32,100,0.747932902487,151,256,64,64,0.652197524292,141,0.78310,0.76940,0.77619,0.84301,0.75878,0.55490,0.83153,0.66562,0.85706,0.73291,0.76659,0.04549
0.02564,16,100,0.702701411661,457,128,128,128,0.683490138785,164,0.77185,0.78658,0.77914,0.83828,0.75757,0.56005,0.80394,0.66019,0.85387,0.73543,0.75967,0.05761
0.01136,64,100,0.693341939438,345,128,64,64,0.615208922639,115,0.78764,0.77036,0.77890,0.84533,0.76223,0.57114,0.83054,0.67684,0.85812,0.74646,0.76537,0.03650
0.01679,32,100,0.662237041055,309,128,64,64,0.545161413205,87,0.77002,0.78912,0.77945,0.84026,0.75722,0.53292,0.83744,0.65134,0.84679,0.71339,0.76103,0.03543
0.01443,128,100,0.715607623933,126,256,128,256,0.59663516254,90,0.77478,0.76813,0.77144,0.83964,0.75255,0.54243,0.85025,0.66232,0.83394,0.72283,0.76536,0.02246
0.00253,128,100,0.960288166743,168,256,64,64,0.81330378114,42,0.76406,0.79517,0.77930,0.84018,0.75514,0.56891,0.85813,0.68421,0.86180,0.74677,0.77312,0.05348
0.01251,128,100,0.894885188321,414,512,128,128,0.648855535931,183,0.74649,0.79421,0.76961,0.81230,0.74148,0.57633,0.77734,0.66191,0.81037,0.74614,0.75998,0.02535
0.01066,128,100,0.587404893249,264,256,64,128,0.983491984458,143,0.75234,0.79230,0.77180,0.81757,0.74529,0.61165,0.74483,0.67170,0.83431,0.76724,0.75760,0.03144
0.01256,64,100,0.984986647667,225,128,256,64,0.681835350752,67,0.78331,0.75541,0.76911,0.84050,0.75342,0.54434,0.82857,0.65703,0.85369,0.72346,0.76227,0.04404
0.00829,16,100,0.746193331013,23,128,32,128,0.900712992408,131,0.77867,0.77322,0.77593,0.84209,0.75722,0.61124,0.78227,0.68626,0.85975,0.77134,0.76572,0.04012
0.02095,32,100,0.881918591448,191,256,64,64,0.599620279578,84,0.76988,0.78849,0.77907,0.83950,0.75687,0.53216,0.83153,0.64898,0.85933,0.71244,0.75758,0.04447
0.01389,32,100,0.682946783897,389,256,128,128,0.820741074483,151,0.78243,0.77322,0.77780,0.84246,0.75981,0.59787,0.83054,0.69526,0.86543,0.76724,0.77020,0.02845
0.02369,64,100,0.999435753691,184,512,64,256,0.75643079422,132,0.75788,0.74968,0.75376,0.81010,0.73370,0.54186,0.79704,0.64514,0.81618,0.71969,0.73822,0.04708
0.02995,16,100,0.524721163052,162,256,256,64,0.604279442792,109,0.74496,0.81107,0.77661,0.82773,0.74633,0.51767,0.82266,0.63546,0.79647,0.69827,0.75066,0.05927
0.00937,64,100,0.540000339204,492,128,32,128,0.726163018009,178,0.78411,0.77863,0.78136,0.84138,0.76310,0.56855,0.86207,0.68520,0.87658,0.74677,0.77301,0.03915
0.00963,16,100,0.621690415407,122,256,128,128,0.817854381245,63,0.77318,0.79039,0.78169,0.84274,0.75999,0.52645,0.83350,0.64531,0.85272,0.70709,0.76450,0.03812
0.01731,16,100,0.793041681357,97,256,256,128,0.730161282627,30,0.74341,0.79803,0.76975,0.81087,0.74045,0.52243,0.81478,0.63664,0.79611,0.70268,0.75013,0.06535
0.02677,32,100,0.884522753461,113,512,64,256,0.746918317836,55,0.77146,0.77735,0.77440,0.83452,0.75376,0.51854,0.84039,0.64135,0.83503,0.69953,0.75899,0.05107
0.02309,16,100,0.833149506827,9,512,256,256,0.918502255443,107,0.77943,0.76654,0.77293,0.83660,0.75514,0.56165,0.81675,0.66560,0.85140,0.73764,0.76210,0.05280
0.01812,32,100,0.790135294901,279,512,64,256,0.606575648514,92,0.77532,0.79135,0.78325,0.84043,0.76189,0.54365,0.83448,0.65838,0.85783,0.72315,0.76433,0.04927
0.01511,64,100,0.958929251645,406,512,256,128,0.651888155162,156,0.77393,0.75350,0.76358,0.82149,0.74633,0.57634,0.74384,0.64946,0.81546,0.74331,0.74913,0.05490
0.01638,16,100,0.946207915979,81,256,128,64,0.881586525783,87,0.77318,0.76654,0.76985,0.83324,0.75082,0.53997,0.83842,0.65689,0.83523,0.72000,0.75986,0.06186
0.00352,16,100,0.833106939725,419,128,64,64,0.626794108133,52,0.76227,0.79039,0.77608,0.83024,0.75203,0.53329,0.81281,0.64403,0.81783,0.71276,0.75792,0.05842
0.01438,64,100,0.953055092682,384,256,128,256,0.720179831277,75,0.78025,0.76908,0.77463,0.83740,0.75670,0.55101,0.83547,0.66406,0.85439,0.72976,0.76020,0.04559
0.01647,128,100,0.729495489127,454,512,32,64,0.644911237734,58,0.77258,0.76177,0.76714,0.83636,0.74857,0.56545,0.82562,0.67121,0.83803,0.74142,0.75656,0.03761
0.00971,128,100,0.5689916995,366,256,32,128,0.974800296825,148,0.78665,0.70483,0.74350,0.82151,0.73560,0.57812,0.76552,0.65875,0.82436,0.74646,0.77296,0.02188
0.00642,64,100,0.858189555274,40,256,32,64,0.745193990167,112,0.78925,0.75159,0.76996,0.83818,0.75584,0.53944,0.83547,0.65559,0.82648,0.71937,0.77173,0.02894
0.02746,128,100,0.877138718375,165,128,64,256,0.865353206317,51,0.77264,0.73823,0.75504,0.81475,0.73958,0.59162,0.77931,0.67262,0.83940,0.75748,0.75239,0.04083
0.02596,128,100,0.589786600902,29,256,64,256,0.915224406734,41,0.77353,0.76590,0.76970,0.82338,0.75082,0.60606,0.80788,0.69257,0.84899,0.77071,0.76639,0.04657
0.01153,128,100,0.653507902389,251,256,128,64,0.503569560587,160,0.78035,0.77290,0.77661,0.83933,0.75826,0.57858,0.81970,0.67835,0.81945,0.75150,0.76433,0.03937
0.02849,16,100,0.830504586543,347,128,64,256,0.816005041011,161,0.77717,0.76877,0.77295,0.83559,0.75445,0.55997,0.81872,0.66507,0.85556,0.73638,0.75708,0.03950
0.00688,128,100,0.882293444419,425,512,64,64,0.581612115502,138,0.76860,0.76908,0.76884,0.82824,0.74857,0.60709,0.75961,0.67484,0.83660,0.76598,0.75601,0.02260
0.00214,32,100,0.527289787159,240,128,64,128,0.545535044179,89,0.77547,0.79421,0.78473,0.84564,0.76310,0.50343,0.86798,0.63725,0.84188,0.68409,0.77106,0.03352
0.00923,64,100,0.864823399643,37,128,256,64,0.624008201605,38,0.78068,0.77894,0.77981,0.84523,0.76085,0.55136,0.81970,0.65927,0.85663,0.72913,0.76484,0.04205
0.00706,64,100,0.575790589476,254,256,32,256,0.512288499972,54,0.77235,0.79962,0.78575,0.84167,0.76293,0.52635,0.83645,0.64612,0.85112,0.70709,0.76690,0.03611
0.00782,32,100,0.618989392777,113,128,32,256,0.720552778545,120,0.77463,0.77513,0.77488,0.84059,0.75514,0.53692,0.84532,0.65672,0.83746,0.71748,0.76623,0.04387
0.01471,32,100,0.794516902798,142,512,64,256,0.86825507067,70,0.78236,0.75350,0.76766,0.84091,0.75203,0.54545,0.86897,0.67021,0.84884,0.72661,0.76451,0.04641
0.00510,32,100,0.649286728718,309,512,64,256,0.914810951105,103,0.77849,0.77131,0.77488,0.83805,0.75635,0.58157,0.83941,0.68710,0.85776,0.75559,0.77124,0.03140
0.00705,128,100,0.987785470032,133,128,256,64,0.746699387343,30,0.78842,0.74078,0.76386,0.84079,0.75099,0.53050,0.84828,0.65277,0.81868,0.71150,0.76638,0.04072
0.01774,16,100,0.968068771643,164,512,32,128,0.701692960128,102,0.76824,0.78022,0.77418,0.84047,0.75255,0.51906,0.84532,0.64318,0.85090,0.70016,0.75778,0.03909
0.01771,32,100,0.969481292429,359,128,128,256,0.73830663342,55,0.76474,0.78785,0.77612,0.83555,0.75290,0.52240,0.85025,0.64717,0.85433,0.70362,0.76174,0.05027
0.00005,64,100,0.548316759228,159,128,256,64,0.600502462047,60,0.66823,0.86037,0.75222,0.77146,0.69186,0.47824,0.86601,0.61619,0.74026,0.65512,0.69565,0.04540
0.01845,128,100,0.891152401734,33,128,128,64,0.985512578648,97,0.76776,0.64981,0.70388,0.79835,0.70275,0.52387,0.76749,0.62270,0.78679,0.70268,0.73301,0.06519
0.02059,16,100,0.507254042501,167,512,128,128,0.793284723143,107,0.76147,0.79198,0.77643,0.84112,0.75203,0.54196,0.82069,0.65282,0.85627,0.72094,0.75932,0.04955
0.00103,16,100,0.605830288841,48,256,256,64,0.872877198907,153,0.77754,0.79262,0.78501,0.84810,0.76396,0.51513,0.85517,0.64296,0.84211,0.69638,0.77039,0.03624
0.00385,128,100,0.851048817859,225,512,64,256,0.626028199586,59,0.78894,0.73950,0.76342,0.84933,0.75082,0.59107,0.82167,0.68755,0.86898,0.76126,0.76413,0.04993
0.01575,64,100,0.984072605866,381,256,64,64,0.652529463544,130,0.77380,0.76272,0.76822,0.83146,0.74978,0.55949,0.82463,0.66667,0.83735,0.73638,0.75137,0.03337
0.02315,64,100,0.908894482557,304,256,32,64,0.915869673417,93,0.75466,0.76018,0.75741,0.81837,0.73526,0.55945,0.80197,0.65911,0.80558,0.73480,0.75361,0.02810
0.02940,128,100,0.646243862511,185,128,64,64,0.855513974727,152,0.74717,0.75477,0.75095,0.80858,0.72782,0.60928,0.76355,0.67774,0.82867,0.76787,0.74841,0.03585
0.01291,128,100,0.699574015873,35,512,128,64,0.796019314752,117,0.77456,0.75732,0.76584,0.81445,0.74823,0.54358,0.80493,0.64893,0.80877,0.72157,0.74964,0.03965
0.00506,64,100,0.541542286237,149,256,32,64,0.672758918776,141,0.78469,0.76622,0.77535,0.84766,0.75860,0.53341,0.87291,0.66218,0.84512,0.71528,0.76606,0.02816
0.00365,16,100,0.524761813834,167,256,32,64,0.8798463109,26,0.76356,0.81966,0.79061,0.84290,0.76396,0.55223,0.81773,0.65925,0.83864,0.72976,0.76639,0.04273
0.02587,32,100,0.70039754608,144,128,32,256,0.522431904956,199,0.76790,0.77767,0.77276,0.83624,0.75134,0.50554,0.85419,0.63516,0.84860,0.68630,0.75935,0.04896
0.01539,64,100,0.933063734998,234,256,64,128,0.816238684823,181,0.76508,0.75827,0.76166,0.81450,0.74200,0.59598,0.75862,0.66753,0.82543,0.75843,0.75997,0.04103
0.00367,32,100,0.830293494611,485,128,128,256,0.629569836324,69,0.78132,0.77958,0.78045,0.84535,0.76154,0.51195,0.84433,0.63741,0.84859,0.69291,0.76450,0.03878
0.02860,128,100,0.689180725636,444,128,32,128,0.960561225243,61,0.73940,0.80948,0.77285,0.81512,0.74131,0.55370,0.78227,0.64843,0.80560,0.72882,0.76068,0.03406
0.02151,32,100,0.77447401879,230,512,64,256,0.529213252274,111,0.77625,0.79008,0.78310,0.84068,0.76206,0.51094,0.85123,0.63858,0.82124,0.69197,0.76554,0.03997
0.00683,128,100,0.825517146138,268,128,128,128,0.944258428863,162,0.74985,0.80471,0.77631,0.82525,0.74788,0.60808,0.80099,0.69133,0.85439,0.77134,0.76968,0.02161
0.01420,64,100,0.601168878434,29,512,128,64,0.749551806676,55,0.78481,0.76559,0.77508,0.84737,0.75843,0.57787,0.83350,0.68253,0.87199,0.75213,0.76313,0.03521
0.02957,128,100,0.895215408901,139,512,256,256,0.814421726659,28,0.74083,0.79644,0.76763,0.81537,0.73785,0.55242,0.83054,0.66352,0.83821,0.73071,0.74640,0.04991
0.00532,16,100,0.516425432458,154,256,128,256,0.637233903304,53,0.75119,0.80375,0.77658,0.82680,0.74857,0.53262,0.83645,0.65082,0.79824,0.71307,0.75722,0.06189
0.00936,64,100,0.641285908926,376,128,128,64,0.588575947404,48,0.78033,0.78753,0.78392,0.84543,0.76396,0.55468,0.82956,0.66482,0.83318,0.73260,0.76864,0.05005
0.01691,128,100,0.556165534719,323,128,128,128,0.922081461741,151,0.75672,0.77863,0.76752,0.81802,0.74356,0.58455,0.70837,0.64053,0.82195,0.74583,0.75984,0.02212
0.02105,16,100,0.983531510068,191,128,64,128,0.953121197223,178,0.75912,0.76081,0.75997,0.81088,0.73872,0.53861,0.83842,0.65588,0.82792,0.71874,0.77040,0.04438
0.00186,16,100,0.823309278721,348,512,256,128,0.644465131643,78,0.77890,0.78435,0.78162,0.84520,0.76172,0.54592,0.83153,0.65912,0.84975,0.72504,0.76726,0.04218
0.02420,32,100,0.629148132127,394,512,128,128,0.771607753793,52,0.77736,0.78181,0.77958,0.84015,0.75964,0.56246,0.78522,0.65543,0.82719,0.73606,0.76174,0.04805
0.02632,128,100,0.950045261843,131,512,128,64,0.509021757715,117,0.77104,0.75191,0.76135,0.82575,0.74373,0.54797,0.83842,0.66277,0.80572,0.72724,0.75395,0.04357
0.00564,32,100,0.581377544933,48,128,128,256,0.897179574701,61,0.78304,0.78403,0.78353,0.84825,0.76448,0.55342,0.85222,0.67106,0.87652,0.73291,0.76778,0.03581
0.00526,64,100,0.532390947416,132,256,32,64,0.709264608551,117,0.78415,0.77417,0.77913,0.84664,0.76137,0.53798,0.85123,0.65929,0.83525,0.71874,0.77106,0.02541
0.01637,128,100,0.775630361452,470,128,32,256,0.575668715833,96,0.78208,0.76368,0.77277,0.84121,0.75584,0.57627,0.83744,0.68273,0.87000,0.75118,0.76398,0.03707
0.00572,128,100,0.592803113472,485,128,128,256,0.531684619228,167,0.77548,0.78880,0.78209,0.84444,0.76102,0.55267,0.81675,0.65924,0.81049,0.73008,0.76849,0.02578
0.00112,32,100,0.872459658496,426,128,256,128,0.725968286115,77,0.77806,0.78944,0.78371,0.85006,0.76310,0.53216,0.86404,0.65866,0.85261,0.71370,0.77020,0.04288
0.01587,16,100,0.620270123678,284,256,64,256,0.780201721248,176,0.77641,0.78308,0.77973,0.84422,0.75947,0.53589,0.83842,0.65386,0.82942,0.71622,0.76537,0.04447
0.02394,16,100,0.795379719096,347,128,128,256,0.820679743211,59,0.77187,0.79421,0.78288,0.83965,0.76050,0.51138,0.84138,0.63613,0.84227,0.69228,0.76624,0.05498
0.01155,16,100,0.901655087189,62,512,256,64,0.663892237471,55,0.75676,0.79167,0.77382,0.83033,0.74840,0.50581,0.85714,0.63620,0.83411,0.68661,0.75601,0.03833
0.01293,64,100,0.719766900223,334,256,64,256,0.928318409278,134,0.76222,0.76368,0.76295,0.81751,0.74200,0.61835,0.71034,0.66116,0.83307,0.76724,0.76103,0.01980
0.00319,64,100,0.837209834842,349,128,32,64,0.736373623464,99,0.77763,0.76527,0.77140,0.84377,0.75342,0.54574,0.84631,0.66358,0.85193,0.72567,0.76192,0.03149
0.00131,128,100,0.627050240461,484,512,64,64,0.848614713313,32,0.76695,0.79866,0.78249,0.84751,0.75860,0.49727,0.89852,0.64022,0.85034,0.67717,0.76933,0.02304
0.00900,32,100,0.744787077983,205,128,32,256,0.912953681051,135,0.76871,0.79071,0.77955,0.82930,0.75687,0.58729,0.82857,0.68737,0.85061,0.75906,0.77625,0.03538
0.02173,64,100,0.638455423753,168,128,64,256,0.831710471555,74,0.79128,0.75000,0.77008,0.84177,0.75653,0.57787,0.83350,0.68253,0.86811,0.75213,0.76610,0.04575
0.00615,32,100,0.748934705378,270,512,32,256,0.744169386212,80,0.78174,0.77354,0.77762,0.84537,0.75947,0.52731,0.85616,0.65265,0.86294,0.70866,0.76971,0.04363
0.01649,32,100,0.855845992782,355,512,128,64,0.933273768922,105,0.76820,0.76845,0.76833,0.82145,0.74805,0.58805,0.72709,0.65022,0.82848,0.74992,0.76433,0.03288
0.01077,32,100,0.929461203536,8,256,64,256,0.617680743801,62,0.77334,0.78244,0.77787,0.84160,0.75705,0.51615,0.85025,0.64235,0.83752,0.69732,0.76174,0.03968
0.01308,64,100,0.972668048609,136,256,128,128,0.584990761638,136,0.77723,0.74905,0.76288,0.83157,0.74684,0.56024,0.82463,0.66720,0.83590,0.73701,0.75171,0.03915
0.01842,64,100,0.859454286608,286,256,64,256,0.711299315648,170,0.77654,0.75159,0.76386,0.82492,0.74736,0.60597,0.78030,0.68217,0.83438,0.76756,0.75399,0.03866
0.00857,32,100,0.687467117772,436,256,128,64,0.929734009761,115,0.76689,0.77640,0.77161,0.82427,0.75013,0.58387,0.80591,0.67715,0.83782,0.75433,0.77316,0.03054
0.00579,32,100,0.573454066676,324,512,32,256,0.866440264158,62,0.77375,0.78753,0.78058,0.84239,0.75929,0.54604,0.84138,0.66227,0.87081,0.72567,0.76210,0.04199
0.02438,32,100,0.986095686118,395,512,64,256,0.828447225267,135,0.76858,0.75000,0.75918,0.81931,0.74131,0.54834,0.81576,0.65584,0.82914,0.72630,0.75519,0.03655
0.02197,64,100,0.737072976712,362,512,128,128,0.527001373551,157,0.77734,0.74618,0.76144,0.83424,0.74581,0.55411,0.83744,0.66693,0.85564,0.73260,0.75072,0.05349
0.01104,32,100,0.900827900414,94,512,256,256,0.732073804194,82,0.77368,0.76654,0.77009,0.83877,0.75117,0.55526,0.82167,0.66269,0.84488,0.73260,0.75849,0.05219
0.01942,64,100,0.819882231771,212,512,64,128,0.561758878306,174,0.78488,0.74618,0.76504,0.83220,0.75082,0.58311,0.85025,0.69178,0.86450,0.75780,0.75795,0.04548
0.01212,128,100,0.816492893732,147,256,256,64,0.588465543702,159,0.78117,0.78117,0.78117,0.83757,0.76206,0.54638,0.79507,0.64767,0.78494,0.72346,0.76969,0.04243
0.00372,16,100,0.806241527515,25,512,64,256,0.560016014552,168,0.77251,0.77767,0.77508,0.84415,0.75463,0.52715,0.85123,0.65109,0.85280,0.70835,0.75708,0.04535
0.02797,32,100,0.695935888343,262,128,64,64,0.525401594593,186,0.76993,0.78340,0.77660,0.83828,0.75497,0.52894,0.84631,0.65100,0.84054,0.70992,0.75847,0.03911
0.02555,32,100,0.758248409382,145,128,64,64,0.667421340368,108,0.77273,0.77322,0.77297,0.83990,0.75307,0.55132,0.82562,0.66114,0.83301,0.72945,0.75931,0.05459
0.00246,16,100,0.620303873698,448,256,64,64,0.648078641039,71,0.76834,0.79962,0.78367,0.84270,0.75999,0.52384,0.83350,0.64335,0.83144,0.70457,0.76518,0.04370
0.01959,64,100,0.842344223117,44,128,128,64,0.609159247608,144,0.78506,0.75859,0.77159,0.84291,0.75584,0.61063,0.82660,0.70239,0.86926,0.77606,0.76142,0.04327
0.00174,16,100,0.700233514983,25,512,128,128,0.906031543797,137,0.78099,0.76559,0.77321,0.84707,0.75584,0.56042,0.84532,0.67400,0.85617,0.73858,0.77021,0.03833
0.00299,32,100,0.576809481542,146,128,256,64,0.662142783205,123,0.77437,0.78594,0.78011,0.84595,0.75912,0.53769,0.84335,0.65669,0.84256,0.71811,0.76449,0.04955
0.00310,16,100,0.733962013567,106,512,256,64,0.833156345426,197,0.77956,0.77385,0.77670,0.84023,0.75808,0.56135,0.83842,0.67246,0.85553,0.73890,0.76606,0.05102
0.01589,16,100,0.617597781873,13,256,32,256,0.882551032412,183,0.77007,0.78721,0.77855,0.83467,0.75653,0.55476,0.83842,0.66771,0.86216,0.73323,0.76969,0.04287
0.01180,16,100,0.932202847172,152,128,128,64,0.727490813029,65,0.77334,0.78785,0.78053,0.84207,0.75912,0.51488,0.85222,0.64193,0.83675,0.69606,0.76434,0.04798
0.01679,128,100,0.893681349603,458,256,128,128,0.933533110759,77,0.73914,0.80121,0.76893,0.81500,0.73820,0.56378,0.75764,0.64649,0.80781,0.73512,0.75963,0.02528
0.00762,16,100,0.903162054185,155,128,32,128,0.87669937004,55,0.77257,0.79198,0.78216,0.84150,0.76016,0.58437,0.78818,0.67114,0.85069,0.75307,0.76381,0.03545
0.01951,16,100,0.673943224891,423,512,32,256,0.730911043836,127,0.77337,0.78690,0.78007,0.83841,0.75878,0.54131,0.81970,0.65204,0.85164,0.72031,0.76037,0.05227
0.01354,16,100,0.740011052415,481,512,256,64,0.852382098149,177,0.77249,0.75382,0.76304,0.83321,0.74546,0.56954,0.84729,0.68119,0.86444,0.74646,0.75866,0.04982
0.02466,32,100,0.540886485088,57,512,256,64,0.616667666247,168,0.77216,0.77290,0.77253,0.83896,0.75255,0.54516,0.82660,0.65701,0.82656,0.72409,0.76244,0.04402
0.02372,128,100,0.882933422767,355,256,128,256,0.526538406926,20,0.75951,0.77449,0.76693,0.83071,0.74408,0.52825,0.81970,0.64247,0.78989,0.70835,0.74843,0.07635
0.02207,64,100,0.622926953008,11,512,256,128,0.82601335298,62,0.78415,0.73950,0.76117,0.82948,0.74771,0.61172,0.82266,0.70168,0.85395,0.77638,0.76018,0.04130
0.00653,16,100,0.694414898463,99,256,256,256,0.809527732049,156,0.78036,0.78085,0.78060,0.84989,0.76137,0.55048,0.84335,0.66615,0.86590,0.72976,0.76624,0.04056
0.01517,16,100,0.540383795552,162,256,256,256,0.687641952566,27,0.67550,0.80248,0.73354,0.77026,0.68304,0.50208,0.83153,0.62611,0.74522,0.68252,0.71600,0.07571
0.01754,128,100,0.826094974185,177,256,128,128,0.651213713754,87,0.74509,0.82093,0.78117,0.82957,0.74996,0.53701,0.87192,0.66466,0.84847,0.71874,0.75467,0.02825
0.02823,32,100,0.829866355322,347,256,32,128,0.664064398281,138,0.76797,0.77481,0.77137,0.83507,0.75030,0.55820,0.83153,0.66799,0.84500,0.73575,0.76087,0.04154
0.02323,16,100,0.954718657292,377,128,32,256,0.976005339506,105,0.76569,0.76081,0.76324,0.82162,0.74339,0.54588,0.80296,0.64992,0.82517,0.72346,0.76727,0.04345
0.00756,128,100,0.857479798505,281,128,128,64,0.584052577293,46,0.77360,0.79230,0.78284,0.84291,0.76102,0.53523,0.85320,0.65780,0.86643,0.71622,0.76643,0.04205
0.00240,16,100,0.865836542282,328,512,64,256,0.751331181163,154,0.77870,0.77449,0.77659,0.83852,0.75774,0.54505,0.83448,0.65940,0.85602,0.72441,0.75985,0.03979
0.02732,32,100,0.675639667683,453,128,64,128,0.919378191814,60,0.78057,0.77163,0.77607,0.83760,0.75791,0.57074,0.81872,0.67260,0.84263,0.74520,0.76398,0.03708
0.02802,32,100,0.504374865515,237,256,64,128,0.781365880084,45,0.76177,0.79739,0.77918,0.83114,0.75428,0.50830,0.84433,0.63458,0.83829,0.68913,0.75915,0.04856
0.01193,64,100,0.679146520234,59,256,64,64,0.978640015973,40,0.76611,0.74491,0.75536,0.81907,0.73768,0.66286,0.74384,0.70102,0.86467,0.79717,0.76174,0.03316
0.01058,16,100,0.979984217558,431,256,256,128,0.692218461869,32,0.74506,0.74364,0.74435,0.80256,0.72229,0.52735,0.81675,0.64090,0.80012,0.70740,0.72558,0.03908
0.02626,32,100,0.511806770425,473,256,256,128,0.947399904497,167,0.75417,0.77576,0.76482,0.80618,0.74062,0.60624,0.80394,0.69123,0.85716,0.77039,0.76987,0.02941
0.02114,128,100,0.741407836514,290,512,32,128,0.555047485007,55,0.78495,0.76972,0.77726,0.84421,0.76016,0.55294,0.83350,0.66483,0.86553,0.73134,0.76593,0.04760
0.02496,16,100,0.861944131352,294,128,256,128,0.603228609856,105,0.76244,0.77990,0.77107,0.82887,0.74823,0.48956,0.80887,0.60996,0.80270,0.66929,0.75136,0.03862
0.00548,16,100,0.890050774967,81,128,128,64,0.876013762099,73,0.77626,0.77576,0.77601,0.84204,0.75653,0.55003,0.83941,0.66459,0.86369,0.72913,0.75829,0.04016
0.01488,64,100,0.741831468783,266,512,32,256,0.725245847336,61,0.78304,0.75191,0.76716,0.84305,0.75186,0.50503,0.88966,0.64431,0.84469,0.68598,0.76625,0.03466
0.00357,128,100,0.736217135265,132,512,64,256,0.903367717267,105,0.75758,0.78721,0.77211,0.82257,0.74736,0.58347,0.69557,0.63461,0.81513,0.74394,0.76464,0.03844
0.01006,64,100,0.584786829736,85,512,128,128,0.739193968143,163,0.78057,0.76145,0.77089,0.83848,0.75393,0.61807,0.76847,0.68511,0.82921,0.77417,0.76192,0.04530
0.02716,64,100,0.651646216149,289,512,64,64,0.612019131264,136,0.78402,0.74587,0.76447,0.83552,0.75013,0.57201,0.82956,0.67712,0.83836,0.74709,0.75968,0.03822
0.00934,64,100,0.664557887505,174,128,32,256,0.696719678354,153,0.78060,0.78085,0.78073,0.84616,0.76154,0.57916,0.84335,0.68672,0.86869,0.75402,0.76732,0.05568
0.02655,64,100,0.895862932489,51,512,64,128,0.754202550881,138,0.76739,0.75445,0.76087,0.81403,0.74218,0.58667,0.78030,0.66977,0.82664,0.75402,0.75257,0.03671
0.02437,128,100,0.711960217907,237,512,64,128,0.87570470949,21,0.78723,0.75318,0.76983,0.83902,0.75514,0.54754,0.84532,0.66460,0.83291,0.72724,0.76537,0.03459
0.01177,16,100,0.866458460877,175,256,128,256,0.663102648998,52,0.74787,0.80948,0.77746,0.82445,0.74805,0.52402,0.81675,0.63843,0.82200,0.70425,0.75341,0.04788
0.01211,128,100,0.540594279787,50,256,128,128,0.820835056033,175,0.78542,0.72296,0.75290,0.82362,0.74200,0.63365,0.64926,0.64136,0.82703,0.76787,0.75687,0.03505
0.00881,32,100,0.995858653893,91,512,64,128,0.852430634806,37,0.77643,0.77545,0.77594,0.84039,0.75653,0.53234,0.84335,0.65269,0.84894,0.71307,0.76260,0.04193
0.00011,16,100,0.881041622581,226,512,128,64,0.935247189914,140,0.77878,0.76813,0.77342,0.84559,0.75532,0.55258,0.83350,0.66457,0.84667,0.73102,0.76866,0.03614
0.00229,16,100,0.523831534405,142,512,256,128,0.770316156812,111,0.77691,0.78976,0.78328,0.84608,0.76241,0.53149,0.83153,0.64848,0.85511,0.71181,0.76381,0.04272
0.01284,16,100,0.500572361628,38,128,256,128,0.751659635513,22,0.69947,0.80025,0.74648,0.78453,0.70448,0.50572,0.82759,0.62780,0.75560,0.68630,0.72363,0.07265
0.02014,32,100,0.960842536105,448,128,32,128,0.778866076312,94,0.76894,0.76527,0.76710,0.83393,0.74736,0.53077,0.85813,0.65587,0.84327,0.71213,0.76416,0.05000
0.00236,16,100,0.602675557155,190,256,256,256,0.56322026893,33,0.71788,0.82634,0.76830,0.80917,0.72903,0.52135,0.85419,0.64750,0.80919,0.70268,0.73347,0.04096
0.01007,32,100,0.996193226486,199,128,32,64,0.801819047235,124,0.78445,0.77322,0.77879,0.83728,0.76120,0.57498,0.84236,0.68345,0.84780,0.75055,0.77262,0.04749
0.00073,64,100,0.975762098408,257,256,32,64,0.740553664538,46,0.77410,0.78912,0.78154,0.84900,0.76016,0.50399,0.87094,0.63850,0.84550,0.68472,0.76727,0.04539
0.01407,128,100,0.919048552667,407,512,128,256,0.943103768417,20,0.74002,0.78403,0.76139,0.81084,0.73284,0.54190,0.76453,0.63425,0.79059,0.71811,0.75288,0.02761
0.01515,64,100,0.835911321191,401,256,256,64,0.633020130976,42,0.77128,0.77226,0.77177,0.83886,0.75169,0.53291,0.82167,0.64651,0.79186,0.71276,0.76156,0.02936
0.01996,64,100,0.982700220283,168,256,256,128,0.726513179571,193,0.76692,0.77131,0.76911,0.81677,0.74823,0.55113,0.79113,0.64968,0.81283,0.72724,0.75207,0.04315
0.00601,128,100,0.912580123866,196,512,128,128,0.951757911866,159,0.73718,0.77704,0.75658,0.80762,0.72817,0.56876,0.81084,0.66856,0.83156,0.74299,0.76069,0.01663
0.01355,64,100,0.890356269999,235,256,256,256,0.895511385584,144,0.76852,0.74555,0.75686,0.81655,0.73958,0.61979,0.70345,0.65898,0.82819,0.76724,0.76138,0.06058
0.00728,64,100,0.863245348597,446,128,64,64,0.790433755575,75,0.78683,0.75604,0.77113,0.84543,0.75601,0.58479,0.82562,0.68464,0.86609,0.75685,0.77142,0.03326
0.02049,16,100,0.77183151533,164,512,128,128,0.73678285322,108,0.75853,0.79230,0.77505,0.83576,0.74996,0.51319,0.84335,0.63809,0.84933,0.69417,0.75605,0.06026
0.02429,128,100,0.774706500021,235,128,64,128,0.942279372917,146,0.76731,0.60623,0.67733,0.79122,0.68598,0.60534,0.80394,0.69065,0.84441,0.76976,0.74510,0.04773
0.00406,128,100,0.691811310978,339,512,256,256,0.874120269751,79,0.77191,0.77608,0.77399,0.82840,0.75359,0.58996,0.69458,0.63801,0.81674,0.74803,0.76517,0.03280
0.01408,32,100,0.997231181579,327,128,256,256,0.844719799496,200,0.77709,0.75954,0.76822,0.82098,0.75082,0.55110,0.83941,0.66537,0.84035,0.73008,0.77196,0.04155
0.01549,16,100,0.907465174493,447,256,128,64,0.584587112225,38,0.71858,0.82920,0.76994,0.79653,0.73059,0.50030,0.82562,0.62305,0.78171,0.68063,0.73144,0.06433
0.00143,128,100,0.805054829268,243,128,128,64,0.92520642346,65,0.74641,0.82761,0.78492,0.83682,0.75342,0.56844,0.83054,0.67494,0.85598,0.74425,0.77676,0.03774
0.01517,16,100,0.890632637402,323,512,128,256,0.652620299293,48,0.75333,0.79071,0.77157,0.82062,0.74546,0.53616,0.81084,0.64549,0.80552,0.71528,0.74944,0.07748
0.00887,32,100,0.883513173064,442,128,64,64,0.796713920751,159,0.78463,0.76940,0.77694,0.84325,0.75981,0.56835,0.83153,0.67520,0.85024,0.74425,0.76709,0.04100
0.00808,16,100,0.945139505323,54,128,32,64,0.862688947629,141,0.78238,0.76845,0.77535,0.84245,0.75791,0.53706,0.84236,0.65593,0.84937,0.71748,0.76781,0.03821
0.02031,16,100,0.96438242746,192,128,128,128,0.814471039565,134,0.77606,0.76495,0.77046,0.83688,0.75220,0.56169,0.81182,0.66398,0.83793,0.73732,0.75831,0.05701
0.02834,32,100,0.50252432206,364,512,32,64,0.607130713061,94,0.77200,0.78403,0.77797,0.83977,0.75670,0.52750,0.83153,0.64551,0.82799,0.70803,0.76727,0.04081
0.00308,32,100,0.800424977363,76,128,256,64,0.843209185995,182,0.78125,0.76336,0.77220,0.84258,0.75514,0.59469,0.79507,0.68044,0.85480,0.76126,0.76728,0.04273
0.01089,32,100,0.732847594271,409,512,64,64,0.960465293512,33,0.78218,0.76527,0.77363,0.83753,0.75653,0.57124,0.83744,0.67918,0.83910,0.74709,0.76245,0.04111
0.01002,128,100,0.948500439676,6,128,256,256,0.530571334515,38,0.76346,0.81616,0.78893,0.84445,0.76258,0.52187,0.85813,0.64903,0.81853,0.70331,0.76762,0.03937
0.00028,16,100,0.639884531709,41,128,64,128,0.883358477964,133,0.77581,0.79358,0.78459,0.84794,0.76310,0.54046,0.84236,0.65845,0.85643,0.72063,0.77212,0.05108
